mid,用户名,fans,following
546195,老番茄,13795811,1
321173469,哔哩哔哩大会员,12164076,67
517327498,罗翔说刑法,11475022,10
777536,LexBurner,9382788,34
9824766,敬汉卿,9032093,78
20165629,共青团中央,7617777,456
14110780,凉风Kaze,7606651,13
19577966,李子柒,7383634,0
122879,敖厂长,7370047,17
62540916,周六野Zoey,7355696,28
50329118,哔哩哔哩英雄联盟赛事,6883907,55
562197,中国BOY超级大猩猩,6737651,67
466272,机智的党妹,6645737,6
1532165,papi酱,6639600,45
1577804,某幻君,6446944,42
10330740,观察者网,6339666,34
18202105,绵羊料理,6336787,124
176037767,我是郭杰瑞,6300347,29
163637592,老师好我叫何同学,6251215,251
250858633,华农兄弟,6180502,21
489412051,哔哩哔哩晚会,5989921,16
1935882,指法芬芳张大仙,5975886,38
883968,暴走漫画,5873805,19
375375,伊丽莎白鼠,5839854,48
13354765,徐大虾咯,5766448,60
9617619,哔哩哔哩直播,5756543,685
927587,木鱼水心,5645348,53
4162287,渗透之C君,5244264,17
37663924,硬核的半佛仙人,5172741,130
15773384,哔哩哔哩电影,5166685,52
337521240,记录生活的蛋黄派,5159982,116
290526283,美食作家王刚R,5152670,33
2206456,花少北丶,4993692,45
456664753,央视新闻,4982413,16
280793434,手工耿,4967454,34
7584632,哔哩哔哩纪录片,4959726,104
5970160,小潮院长,4955472,88
32786875,信誓蛋蛋,4881319,43
437316738,朱一旦的枯燥生活,4833638,49
168598,逍遥散人,4664503,75
196356191,翔翔大作战,4572598,75
8960728,日食记,4503087,9
33683045,张召忠,4494589,12
6574487,纳豆奶奶,4492449,50
2920960,大祥哥来了,4421038,101
401742377,原神,4410631,51
390461123,徐大sao,4404100,2
99157282,盗月社食遇记,4362363,411
174501086,哔哩哔哩会员购,4217778,158
3957971,贤宝宝Baby,4114960,118
37090048,哔哩哔哩创作中心,3770892,1203
32820037,歪果仁研究协会,3750387,256
17409016,爱做饭的芋头SAMA,3704853,254
16794231,靠脸吃饭的徐大王,3704031,119
54992199,观视频工作室,3690307,64
10119428,小片片说大片,3674192,253
7487399,努力的Lorre,3670288,131
254463269,毕导THU,3669456,128
50329220,哔哩哔哩LOL赛事直播,3642822,57
221648,柚子木字幕组,3605899,11
7788379,兔叭咯,3557362,247
604003146,帕梅拉PamelaReif,3518447,3
1565155,起小点是大腿,3433897,152
3766866,科技美学,3397058,239
7552204,啊吗粽,3394820,198
285499073,东尼ookii,3394706,146
116683,错误:520,3387594,31
63231,泛式,3369230,369
808171,吃素的狮子,3348376,207
113362335,宝剑嫂,3302142,377
17819768,电影最TOP,3287396,22
161775300,明日方舟,3281168,0
14583962,思维实验室,3278850,84
79061224,刘老师说电影,3268686,140
10558098,黑镖客梦回,3237382,38
585267,-纯黑-,3218623,0
29329085,二喵的饭,3186120,124
4474705,孤独的美食基,3185702,105
9008159,花花与三猫CatLive,3169654,337
9458053,李永乐老师官方,3113083,50
39847479,毒角SHOW,3105874,7
353539995,拜托了小翔哥,3095328,5
8047632,哔哩哔哩弹幕网,3059462,65
250111460,蜡笔和小勋,3004547,191
486183,排骨教主,2943627,180
433351,EdmundDZhang,2915760,48
258150656,回形针PaperClip,2912410,50
26139491,假美食po主,2876017,446
472747194,巫师财经,2871610,2
21837784,阿斗归来了,2862931,68
1420982,黑猫厨房,2822991,549
3032988,密子君,2812997,86
2403047,嘟督不噶油,2811889,159
8366990,-欣小萌-,2810372,297
19642758,力元君,2747307,339
27534330,崩坏3第一偶像爱酱,2739378,11
98627270,哔哩哔哩国创,2736813,197
391679,A路人,2726091,18
282994,泠鸢yousa,2712318,172
1328260,哔哩哔哩游戏中心,2683247,398
1643718,山下智博,2671296,72
436473455,冯提莫,2661637,55
51896064,罗汉解说,2650493,117
52250,视角姬,2634824,158
730732,瓶子君152,2597579,116
322892,痒局长,2593580,43
5294454,逗比的雀巢,2570958,140
27218150,刘哔电影,2561478,385
8578857,谷阿莫,2511720,108
928123,哔哩哔哩番剧,2507071,35
35359510,远古时代装机猿,2506282,93
265059948,温柔JUNZ,2479254,223
686127,籽岷,2469655,138
11073,hanser,2377211,36
423895,怕上火暴王老菊,2374707,91
67141499,大漠叔叔,2347770,43
13118294,超级神奇的木偶,2337253,243
416128940,在下哲别,2333185,99
455876411,TheRock_Johnson,2320707,7
26366366,哔哩哔哩活动,2307862,64
279583114,老坛胡说,2307572,217
43536,黑桐谷歌,2306638,195
353840826,公主连结ReDive,2305449,3
90361813,三十六贱笑,2298079,760
295723,★⑥檤轮囬★,2294679,46
10462362,天天卡牌,2287740,155
178778949,英雄联盟,2287234,228
6926237,YouTube听力精选,2249909,23
4856007,迷影社,2233048,46
3380239,神奇的老皮VFX,2207367,152
53456,Warma,2200036,1081
216156027,小高姐的魔法调料,2197095,13
43389575,凤凰天使TSKS韩剧社官方账号,2194035,1
36081646,洛天依,2189501,17
279991456,靠谱电竞,2188934,84
390079112,一条小团团OvO,2159789,27
42619059,Uzi,2153622,6
208259,陈睿,2152933,409
2200736,才疏学浅的才浅,2141849,112
347667464,老爸评测,2131879,48
123938419,嘻咦啊看,2119087,9
26240675,与山0v0,2108061,78
617285,芒果冰OL,2078840,485
3682229,长歌与小见见,2076890,76
7714,女孩为何穿短裙,2074565,241
295711424,神秘店长A,2043734,276
470156882,小艾大叔,2033784,51
203337614,开心嘴炮,2017073,23
2374194,墨韵Moyun,2010546,193
11336264,TESTV官方频道,1991312,163
3345720,犬来八荒w,1985012,38
5957440,曼食慢语,1961491,16
11870568,拉宏桑,1951302,179
393166851,大碗拿铁,1942734,62
57863910,王者荣耀,1939245,160
3353026,鹤吱菌,1938306,98
520155988,所长林超,1937381,31
108569350,AG超玩会王者荣耀梦泪,1927252,40
104207471,杰里德Jared,1915369,38
946974,影视飓风,1911609,288
414641554,女胖胖,1905552,88
481470422,吃货小姐姐Hamzy,1903053,4
284120,三无Marblue,1899915,88
38351330,阿幕降临,1896727,31
29296192,虫哥说电影,1893541,80
16539048,一只小仙若,1884966,123
4408538,我是怪异君,1874158,129
35836017,OneMillion_舞蹈教室,1872513,1
154021609,老邪说电影,1863903,84
4059920,靖菌命,1848902,26
26633150,wlop-,1848697,16
1605721,允星河Yoseya,1826949,290
450595813,文不叮,1825133,38
161419374,山药视频,1816440,35
289887832,痴鸡小队官方,1812586,8
30643878,野-食小哥,1809065,37
20503549,doyoudo,1803575,27
326246517,zettaranc,1803063,75
398510,泽野螳螂,1798007,104
1885078,nya酱的一生,1795496,110
262453663,Vinheteiro,1794495,33
233108841,命运-冠位指定,1785139,27
515993,枪弹轨迹,1784937,103
345630501,黄龄,1776803,9
21031789,王尼玛,1765515,18
94114029,吃货请闭眼,1765330,67
3404595,卡布叻_周深,1749196,0
8969156,小白测评,1746090,20
381435385,CSGO大茄子,1740371,38
94281836,文西与阿漆,1738137,215
2306780,哔哩哔哩线下活动,1729740,87
39627524,食贫道,1727799,90
17546432,马壮实Hera,1721604,48
79577853,智能路障,1718830,79
7792521,还有一天就放假了,1707866,111
72270557,芳斯塔芙,1707633,70
125526,-LKs-,1700085,102
234256,逗川kshadow,1694609,62
25876945,极客湾Geekerwan,1688057,132
386900246,神楽七奈Official,1686812,89
15967711,油兔不二字幕组,1684709,309
423442,KBShinya,1678000,67
17171565,蔡老板家的长工,1670612,98
382651856,战双帕弥什,1666678,6
2142762,老戴在此,1665939,219
9550310,萧忆情Alex,1657249,35
433587902,央视频,1647925,8
2019740,逆风笑,1639035,8
7349,STN工作室,1638059,122
147166910,雨哥到处跑,1625770,177
26023642,Big笑工坊,1611360,2
28642491,楼上的老张,1603236,287
6739643,话很多的小姐姐们,1602772,33
19071708,潮汕好男人,1601640,163
34189415,low君热剧,1594477,6
19456751,文曰小强,1590750,50
297242063,黄一刀有毒,1588936,12
349721082,清华大学,1585912,71
454719565,奇闻观察室,1585368,87
32365949,聚印象视频,1581551,81
10345615,Kevin英语情报局,1575190,71
24801003,口语老炮儿马思瑞,1572749,51
44688866,姜峰真的苟,1570393,281
1893045,狂风桑,1565484,67
2103351,双笙子,1564820,47
532741557,戴建业老师,1561246,14
1918296,丰兄来了,1553634,277
129240403,燃茶哥哥在此,1552053,115
2884629,oeasy,1549249,522
684169,茶理理理子,1547281,154
11278782,王咩阿,1544595,224
97177641,混乱博物馆,1542120,21
37946996,守护茶茶,1541975,45
388699948,欧阳娜娜STUDIO,1541763,1
43222001,卡特亚,1537818,314
316381099,鹿乃ちゃん,1535523,24
378885845,不正经老丝,1535473,82
21330948,隔壁班的喵会长,1535221,463
11684516,拉草莓的西瓜JUN,1532495,44
2897191,阿漫啊阿漫,1532413,24
14804670,无穷小亮的科普日常,1522360,33
16307541,Vivekatt,1505857,36
16206007,vivi可爱多,1502977,91
1858682,是你们的康康,1500589,363
16853896,kei和marin,1499406,36
369750017,韩小四April,1497382,8
1467772,封茗囧菌,1495026,38
1958342,水无月菌,1493558,56
23604445,上海滩许Van强,1490918,219
591856754,卢正义的雕刻时光,1488370,18
287003199,唯一音乐小魔王,1482785,4
1740850,满汉全席音乐团队,1478802,12
483879799,猛男舞团IconX,1471470,6
515015078,贝尔-格里尔斯,1471444,1
596324576,音乐制作人Kurt,1471061,10
3379951,ilem,1470911,90
211005705,网易第五人格手游,1468186,391
642389251,黑神话之悟空,1468121,4
168064909,李佳琦Austin,1467537,3
2728123,抽风Crazy,1463263,82
6171645,OELoop,1461008,104
648113003,沈逸老师,1458075,8
392836434,哔哩哔哩王者荣耀赛事,1456102,41
314791153,面筋哥-程书林,1452934,44
7875104,千户长生,1442240,153
1791101,鲁过一世,1428685,146
321422126,进击的金厂长,1426305,88
320491072,绯绯Feifei,1426179,22
6075139,Animenzzz,1422696,143
419220,神奇陆夫人,1422622,60
3066511,特效小哥studio,1420120,118
14781644,老烟斗官方,1419262,53
233114659,碧蓝航线,1418259,4
13934589,嗨氏丶,1416242,50
396848107,不愧是姐姐大人,1414921,127
37961599,小缸和阿灿,1412960,4
14254182,黑椒墨鱼,1411775,23
284424,小熊绅士,1405676,119
35789774,轩子老师,1401184,16
338927049,燕子堡BBQ学徒Ray,1401021,186
22141287,波桑吃遍世界,1398915,117
471792754,趣测酱,1398175,6
164139557,活蹦乱跳的肥曈,1394560,62
5581898,飞碟说,1389018,77
222103174,小央视频,1378677,9
216025,尕丶天堂,1371862,183
268104,吴织亚切大忽悠,1369726,38
25910292,钟文泽,1367737,0
25807917,阿福Thomas,1366114,39
338748561,喵喵折App,1365441,37
394609671,终极小腾,1362732,44
19286458,陈翔六点半,1361257,4
49494871,冒险雷探长,1356258,23
7450650,超果果mc,1351906,125
66391032,帅soserious,1351107,49
10874201,盒子酸奶,1349491,21
257975429,十音Shiyin,1345909,75
37291782,某布君,1343015,278
357229416,打泥泥,1340840,39
452309333,丸子叨叨叨,1338429,250
1754707,柴犬老丸子,1335213,132
407045223,二次元的中科院物理所,1334916,1200
519872016,历史调研室,1327478,26
21778636,中国日报,1326427,175
488836173,yoyo鹿鸣_Lumi,1325319,10
216623621,吃货明3,1324256,142
185546,小可儿,1321552,671
587618113,姚姚不是P30,1321027,17
394067394,NathanRich火锅大王,1320079,4
23920239,小米公司,1316342,199
732364,腾讯动漫,1310362,24
36882906,PDD在B站,1303455,35
390371228,知心者联盟,1300767,83
35304890,吃鸡陪玩酱,1300251,82
129259501,极客匠,1296435,148
415479453,主厨农国栋,1296098,7
75547577,心灵侦探明柏辰,1294063,926
3334179,我的样子平平无奇,1292805,19
30973654,网易阴阳师手游,1292306,10
1837617,薄海纸鱼,1291968,21
66607740,宋浩老师官方,1290553,30
22344481,一花啦啦啦,1272830,60
4578433,老骚豆腐,1269684,212
1951038,哦漏QAQ,1267589,158
31624111,鲲哥带你学数学,1267353,5
1473830,AIChannel官方,1256800,5
6534506,笑cry的小仙爷,1254867,0
402574397,孙笑川258,1253006,30
269319344,光影笔墨,1252386,19
178029850,杜海皇,1251043,67
95515699,粤知一二,1249486,23
227107602,张喜喜-,1247220,198
19750237,美食台,1243495,9
476704454,小文哥吃吃吃,1243199,30
40966108,倒悬的橘子,1242169,747
1654470,席拉瑞丝,1241617,19
211700578,光遇手游,1241608,29
330383888,广东共青团,1240853,0
52165725,王骁Albert,1240694,108
8491103,轩墨宝宝,1237546,19
92568184,福乐小哥,1236508,246
590490400,克里米亚野生动物园,1233883,23
5293668,齐天大肾余潇洒,1232743,209
535019206,人类行为图鉴V,1232440,2
1871001,棉花大哥哥,1230125,195
138832847,哇哇哇妹,1228748,71
10040906,四季萌芽,1228347,70
328303954,澤野弘之_nZk,1224696,0
59905809,哦呼w,1221186,178
306895558,不2不叫周淑怡,1219978,19
175861153,梨涡少女-mini,1218158,16
35643203,鬼叔怪谈,1213767,33
448039667,冷淡熊,1213573,123
270105105,赖皮猴爱美食,1212255,92
3046429,祖娅纳惜,1212039,210
64925986,大佬甜er,1210432,99
26321770,和猫住の,1208404,44
1962633,吉原悠一_yui,1207489,120
4537274,lana酱好纠结,1206254,34
177613639,无聊的开箱,1204997,8
12444306,pandapia,1200992,1
405054588,TED精选演讲,1196226,72
50426155,王大境泽,1196196,3
39304265,韩国东东,1196061,36
32708543,大家的音乐姬,1194916,647
58852835,牛叔万岁万岁万万岁,1191812,104
632887,伢伢gagako,1190959,86
646730844,雷军,1190493,12
893053,夏一可,1190126,21
18706318,龙女之声,1186899,154
481393564,钉钉DingTalk,1184164,347
1691347,大橙橙橙子,1181982,44
235555226,哔哩哔哩UP主执事,1181040,365
4543111,一条视频,1173951,17
14402657,松浦文哉-SPWZ社長-,1173946,70
88461692,3Blue1Brown,1172014,9
627888730,星有野,1166658,35
641975239,刘谦,1166378,7
486287787,IC实验室,1163196,78
641591444,阿巳与小铃铛,1162290,58
397076059,白醋少女,1161698,29
11253297,多多poi丶,1161033,192
50660116,上班族的便当,1155680,19
485092296,张三的传奇一生,1155189,2
1318997,陈子豪丶EX,1154737,10
152015773,瘦不了猫,1152736,126
18020792,易烫YCC,1152414,381
15960317,碰碰彭碰彭,1151239,2
28152637,张雪峰老师官方号,1151004,4
454755309,YouTube口语精选,1148939,8
438880209,大胡子魏,1148148,154
20990353,游戏动力VGN,1147780,85
3040178,凌识啊,1147526,528
2733216,中二少年晓凯,1147069,89
1950209,水一大魔王,1143933,9
453972,阿狸才不是受,1143652,91
19696996,小猪姐姐zzreal,1141118,72
473519710,steam情报局,1139386,52
908383,撸大师-木源,1138191,85
7956629,大胖和软软,1137670,248
235630215,国电武术馆馆长,1137379,272
15834498,拂菻坊,1136947,88
11616487,绝不早到小吱吱,1133820,187
8034163,浅澄月,1132953,232
314690088,PS教程免费学,1130706,4
374377,泪腺战士,1128133,4
36825256,槐安遗梦,1126623,86
5055,小缘,1125883,124
28822227,橙心资讯,1120063,34
152389373,NBzhuoc大,1119070,47
34646754,沉默寡言白河愁,1116018,204
8188433,TED君学演讲,1114567,24
250648682,红豆稀饭中,1113155,233
389088,KB呆又呆,1110248,226
26253404,小豆蔻儿,1109807,3
386165680,奥地利的小胡,1108898,18
472129071,长得像美食博主的女人,1108772,45
203708804,肌肉山山,1106161,79
39922227,付曦冉,1104976,276
419738808,疯狂小杨哥,1103771,9
46708782,鲁大能,1102022,69
406745134,阿银哦哦,1097721,99
5870268,三代鹿人,1095661,96
34858100,瞎看什么,1092457,0
11264229,萝王2号,1088734,99
11997177,三木刃,1086932,113
32606879,果子哥哥工作室,1086754,2
27756469,奶糕成精档案社,1083669,8
25150941,极速拍档,1082152,66
16351122,比比比目鱼,1078766,189
7596516,酒客小丑,1077721,48
719238,谷谷永不咕咕,1077086,443
82385070,郝给力,1076142,498
367877,笔吧评测室,1074999,152
598464467,苏星河牛通,1074431,69
174070934,无敌皮皮鸟,1074287,49
501183549,知日酱,1073211,180
430926487,达达达布溜-,1070817,160
41273726,一之濑asuka,1057129,264
14082,山新,1056386,135
6857104,张逗张花,1056263,4
3433092,狂阿弥_,1056128,79
605544858,矮油王老六,1054821,15
335390960,德云社TV,1053800,0
1724598,森纳映画,1053461,34
290548469,冲浪普拉斯,1053404,180
3116281,钢铁直男必老板,1053254,245
56065480,大连老湿王博文,1052773,0
24314825,猫店,1052005,485
3670216,TF家族,1051412,2
8784855,--圈圈--,1049717,221
378034,楽小漫,1047759,268
471723540,一块电鹿板,1047190,345
1526101,泡芙喵-PuFF,1043319,173
487511093,YouTube精选字幕组,1040010,0
4128618,大大大灯泡,1039624,150
1531707,叔贵,1039596,37
244144308,大司马工作室,1038184,11
493570956,欧阳春晓Aurora,1037391,15
14946689,涼子同学,1036721,197
140458333,狙击手麦克,1036522,16
7458285,爱否科技FView,1036505,27
50063223,备胎说车,1034628,20
483162496,英语兔,1034124,15
872507,SCP基金会中国,1032154,56
326081112,夹性芝士,1028580,163
383444910,尤超白,1027057,183
748709,Chimera君,1025808,1
15262818,史图馆,1024727,203
452161580,金灿荣频道,1023311,27
3331521,帅你一脸毛蛋,1022147,293
102999485,华为终端,1020968,10
256763,穿胖次的狐狸,1020110,18
22770727,豪言の经理,1014667,161
403748305,BML制作指挥部,1013344,54
434378423,闫帅奇,1010794,340
429251,大宝剑联盟,1010181,27
271442527,CD_PROJEKT_RED,1009057,54
1381545,伦桑爱唱歌,1007923,4
38294246,抖抖村,1007431,34
6272357,o小庄o,1006205,21
474390659,AlanWalker官方频道,1002267,3
17075276,妮可蹦蹦,999925,74
251850212,考研英语刘晓艳,998722,4
30625977,KatAndSid,997050,33
85835398,夏波波Brian,996957,29
382193067,巫托邦,986501,5
6875363,不是的的是のの,982105,20
384298638,浙江共青团,980676,47
677063300,T1-Faker,976454,9
34044873,草莓味鸡胸肉,974112,59
480366389,溫暖的冷风,973143,107
4029133,邵艾伦Alan,972655,99
350632501,在下小苏,971429,159
19738891,一米八的坤儿,970938,14
89847338,Pony_朴惠敏,969688,1
403943112,这知识好冷,968650,19
1770706,瞬间爆炸型LowSing,966138,155
514019783,武当陈师行,965769,3
2460656,银临,963060,29
320818292,窝头是个暴脾气,960404,40
6229277,Rainie田,960369,233
85318798,李玉刚,959558,9
3562949,生活就是画画画,958871,18
15385187,兔总裁s,958579,59
518876755,Steam官方特惠,956659,0
243681035,wuli小周,955772,54
42561463,浑元Rysn,955719,129
5374954,深海色带鱼,955584,149
479893558,郎朗,955033,6
15634833,鲤鱼Ace,953246,9
339233162,X调查,953094,1
510856133,吟游诗人基德,949024,7
2435767,四月是我的生日,944025,134
107486042,花二Strange,942704,139
11229785,浣熊君,940259,35
860464,少年五之歌,938247,39
310702549,演员管云鹏,937897,9
10957838,葉子先生酱,937566,53
43645887,我是EyeOpener,935783,257
32660634,bilibili星访问,934776,65
50621949,OldBa1,932416,84
33523307,栗子没有小蛮腰啦,929801,723
287795639,短的发布会,926382,12
8864484,面粉社长,925982,14
2378908,漠☆漠,925452,376
2,碧诗,924927,220
103416759,马克Sparrow,924175,106
258844831,CCTV_国家宝藏,922524,9
526559715,陈平眉山论剑,921424,8
38682977,三寻食堂,920176,126
34149649,oh_emma,919355,13
375504219,湊-阿库娅Official,918980,80
258457966,卧龙寺,918918,312
25422790,红色激情,915920,7
55775966,音阙诗听,915525,87
651039864,暴躁的仙人JUMP,912195,11
3760773,大果粒粒V,910630,21
4548018,丧妹有点跳,908505,104
20166755,左手plus,908445,5
236711132,大师的菜,907797,3
1774758,青衣才不是御姐呢,907144,443
52190805,麟宣森,904731,333
399918500,初音未来_Crypton,904617,50
677865752,芜湖大司马,904528,14
1543732,南云鸟羽,904177,97
10303206,环球时报,903507,22
25782796,深夜徐老师,903178,114
14333871,吐嚎影院,900180,666
351477766,是当归哦,899216,27
395936853,了不起的八万二饼,899081,83
352637817,品诺美食开课啦,898074,36
51766,茶几君梦二,897927,210
246370149,33不是山山,897344,232
145149047,小饭中年事件簿,894081,51
227933,坂本叔,893724,116
286631646,带篮子官方-,893289,14
298213453,二门_,892312,2
38067617,纪录片我去看世界,892167,293
26424461,小天不是受QAQ,892096,118
315898473,星悦小美女PKU,890825,46
449825072,高冷小姜,890130,58
382986457,结巴老爹,889800,18
2192108,王思妇丶,888837,80
22121599,纪录片之家字幕组,888611,16
1848018,Ksr桑,888481,1521
231048690,papi家的大小咪,887448,6
1939319,科学超电磁炮F,887299,110
39247212,酷酷的滕,886767,27
267685040,不齐舞团,886322,8
431047137,奇异小北,885281,244
5632230,罗小黑战记,885001,0
332432527,彭酱酱LINYA,883939,0
19584552,小C6,883736,10
327750329,程十安an,883558,105
1447574,洛少爷,881628,9
385474,彼望黑,881457,46
25623387,任性的KIMKILLS,881198,34
2284412,万合天宜,879155,3
55723103,辣目洋子,877519,33
49246269,大象放映室,877489,81
383578614,超Carry的柴西,877308,160
521444,西四炸弹,876572,133
332704117,白上吹雪Official,872822,50
486633990,我是江无情,872018,41
11491546,猫耳FM,871585,21
512574759,公孙田浩,871460,7
37199377,沧桑丸,871111,58
7817472,某声悠,870999,310
7946235,顾于浮生如梦,869966,322
69307,库特菌,869842,117
8730238,小熊flippy,867207,12
151365295,Suzy_Z_,867113,152
521249172,乌鸦校尉CaptainWuya,863915,103
101575318,大白兔白不白,863592,154
247743458,呆妹儿小霸王,862505,28
198439,可可味,860555,217
28330240,叶无趣,857926,121
94336414,清华数学系坑老师,857146,17
34279833,菜菜美食日记,856601,26
6154152,戏精牡丹,856526,5
10897973,小透明阿九,853318,106
298484,小狼XF,851608,111
474521380,绝命老铁,850602,1532
81824112,导演小策,850309,32
12807175,法老爷爷,850153,51
2948981,冷水煮乐器,847661,115
43310262,Minecraft我的世界官方,847612,7
11730197,MordonFreeman,846520,103
2689967,醋醋cucu,846402,397
2522486,涛哥测评,845634,67
351583506,数学微课帮,845354,1
349991143,神楽Mea_Official,845246,108
2223018,舞小喵,844249,119
6997378,仙女110,843419,41
4370617,哀是麦子的球迷,840296,72
11733609,一条正弦,839188,77
1285446,银子丶丶,838381,105
31220044,小贝饿了,837947,15
7655977,十二礼,837422,95
20530305,庄不纯,834261,288
477631979,vansamaofficial,834201,14
72209046,央视纪录,833622,7
33918431,喵来啦_,833483,224
13043933,长腿毛的哥哥,832861,424
416523954,突击手蜜獾,830988,146
11100920,飞社长,828705,108
8482768,ZEALER官方频道,826974,12
483203976,理查德-克莱德曼,826632,2
71302461,白帽黑客教程,825161,5
99902757,音乐君,824869,12
75,丸子,822735,272
20892823,柠檬派奇幻漂流,822186,78
430969192,方锦龙,820659,29
3969839,M-菌,819834,204
18739124,TrevorJames吃货老外,819193,10
24301201,马蹄厨房,818995,53
19319172,差评君,817054,44
35581334,猪肉熟了,816772,2
888465,暗猫の祝福,816214,296
13279707,最上川下山,815484,129
406517693,甘子七,813446,71
24738601,李老鼠说车,812909,64
21876627,-谢安然-,812731,69
7375428,Tocci椭奇,812461,97
16419172,灵魂健身杨老师,809986,322
64137054,解说七老爷,809790,320
46622315,老撕鸡解说,809005,72
382189062,Youtube中文字幕组,808092,90
9097604,厨娘物语c小鹿哟,807251,3
15324420,数据库kira,807102,151
285571498,盖里老哥,806870,25
456404164,皮科医生魏小博,806342,16
11061327,小夏哒独炊札记,805752,86
25954179,仇仇qiuqiu,805488,25
101229184,滇西小哥,803722,9
9117212,约谈人参,803270,31
33253839,陈雅楠cyn,802926,121
587840959,毛戈平,800093,2
10893225,小米粥好好喝呀qwq,798890,37
402576555,画渣花小烙,797464,35
13826185,田逾欢sirius,796838,68
96070394,推背兔の,795910,286
334561994,在下李灿,793576,121
344447169,体态大师App,793481,4
483311105,先看评测,793136,16
216844,玩偶菌,793123,60
110631,宫本狗雨,792140,63
259333,矮乐多Aliga,790830,65
213845897,天才简史,788637,25
434346657,北京大学,788569,38
8112659,胥渡吧,787864,1
80991539,聊点什么叭,787849,26
37974444,黑马程序员,787211,3
270355850,何止电影,786404,9
419872064,老饭骨,786068,4
95494347,狠毒女孩Money,785075,113
8581342,浅野菌子,784296,125
15377173,烟季,783716,100
14871346,硬件茶谈,783187,91
125269176,乐乐课堂,780252,3
4397552,猫猫村长,779475,78
12434430,LinusTechTips,777521,4
12855005,柿子菌meow,776053,6
265578856,叫我tina小姐姐,775482,31
21306228,非我执笔,775123,5
33775467,人民网,775102,1
355596637,一鹿有车,775059,8
927687,折腾5号,774435,174
2829782,何必Hebee,774325,158
67141,C酱です,773883,68
348630592,十分绘画,770897,118
605205509,广西吴恩师,769730,14
102984190,独立菌儿,768579,44
322010320,阿神的Bili官方頻道,768505,9
2177677,出格字幕组,768303,11
25503580,布锅锅,768070,196
2929048,网易暴雪游戏视频,767660,32
198748058,风声君,766847,163
12761764,骚男丶注意马叉虫,765637,10
434376696,阿Test正经比比,765516,87
149558293,越哥说电影,764273,71
13337125,GoldenEggs,763755,148
51705359,亚军频道,761297,180
391774002,NASA宇宙,760395,24
2929582,折纸的白叔,759656,91
37746255,多拉的十九N,758674,36
356798697,游戏X博士,758276,108
339800866,双生视界,757094,3
1438811,请叫我王胖子,756657,99
374716732,渔人阿烽,756131,6
39915398,MrYang杨家成,754894,9
69940927,吃饭啦光小强,753682,72
159122,惜缘、过去,753488,80
16720403,pcyxjy,753412,32
35562588,花里胡哨草履虫,753019,131
324879,CRAZY262,751772,723
241832237,一枝南南,751513,43
346353480,济公爷爷_游本昌,747803,10
4050333,鬼影SAMA,747452,83
14506388,哎呀我去刘老师,747126,137
20163112,猫神辣椒酱,744218,13
11139681,街头艺人小高,743079,1725
142371069,米国脱口秀,741198,8
353230307,Da圣音乐,741067,43
361471422,Re0手游,738750,26
25356402,Junn杰俊,738290,103
17901717,马戏糍,737376,177
80900494,捕月说,737173,119
364605395,暗部世界,735444,3
5128788,ElenaLin_青青,730999,53
50111839,小琨爱小蛊,730027,618
19369243,小喵西さま,729513,54
103073257,小饭堂视频,729442,160
473837611,新华社,729136,27
275981,小绝,728306,35
234782,祈Inory,728092,68
303517323,五金少女,726658,2
38053181,oooooohmygosh,724691,146
67907025,猴博士爱讲课,723435,0
168687092,鸽子不咕啊,721925,352
5771902,波靖仔,721887,367
359516438,TED超级演讲家,719432,45
249491937,GLR_G,719142,24
474853499,李如儒也是李蠕蠕,718998,5
198297,进击的冰糖,716753,659
42870908,网不红萌叔Joey,715801,25
9068441,冰攻厂BeSo,715695,149
19419058,10后找人带,714908,1972
41683,TranScend全盛舞蹈工作室,714864,13
388063772,GoDlike_神超,714369,18
2691287,小巫酱w,714272,9
299732210,-TS映画-,713341,278
19859602,Real麦克老师,713293,50
16671656,空卡空卡空空卡,712466,71
80304,亚食人,712451,230
14328316,艺画开天,712222,123
38829,本气黑猫,711357,640
3218685,小满家的晚饭,711053,4
410964,胖雪人Ozu,711048,692
20646254,暴走吧bilibili,710721,4
249608727,杨可爱Ukulele,710661,277
15877140,都说先生,709323,2
36046546,时空小涵,708513,68
26311441,一咸菊菊,708175,51
301940,Gluneko,707784,12
3211302,艾尔十六,707140,648
548824,鸡鸡·夫斯基,706228,252
13164144,魔法Zc目录,705647,499
3386870,轩邈Elias,705008,209
250475408,阿里巴巴,704728,683
388576777,英语的平行世界,703508,34
386043247,腾格尔,703316,27
491593210,姬一元,703259,101
32741563,非人哉工作室,702251,39
10942427,香喷喷的小烤鸡,700097,21
6457791,EverydayOneCat,699450,12
3295,新月冰冰,699403,211
20615621,采紫葳的凌霄子,698168,990
429618480,白客,697131,2
12394995,粗犷毛线君,696820,586
88773777,野生冻物wildpudding,696698,4
17244618,和之梦放送,695345,9
451066708,新科娘Official,694654,22
99336697,树根龙门阵,694616,93
27580511,一只南音呀,694096,90
9170987,一只老刘头,692685,92
72956117,panpiano,691257,2
206840230,科幻Fans布玛,690922,39
287462147,雪鱼探店,690525,7
7064298,声鱼片儿,690190,86
75912367,陈吃饭_,688693,173
900171,果哝双子,688507,123
13807284,就是气气,687779,428
14751040,怒九笑,687031,230
300159010,印度胖亚瑟,686407,144
22298920,JR大帅B,684881,88
344849038,YJango,684329,34
444348914,稻草放毒,684301,2
2949989,电喵大战皮卡丘,684063,36
13705279,睡不醒的某某阳,683168,86
99748932,荣耀手机,681131,5
171818544,BanGDream梦想协奏曲,680822,6
357665034,数学汤家凤,680581,3
342722155,考研政治徐涛,679660,13
28053896,吉儿一范伦婷,679042,917
124735327,-柠萌菌-,678058,310
253350665,大聪看电影,677962,43
27201651,飞鸟乐团,677412,39
1351379,赫萝老师,676344,409
3127528,空耳狂魔,675908,226
298946431,香香软软的小泡芙,674492,317
47291,抽风的飞机工作室,674081,84
17858942,哎哟阿尤,672452,54
12816241,托马斯家的,671746,259
121225592,TOM表哥,671423,0
176063604,他她漫漫聊,671069,103
213216169,山海zoom,670883,240
451320374,央视网快看,670768,13
96852523,古月大果子,670739,92
7560829,大霓奈,670650,47
61369218,土味角虫,670132,23
167202533,来呀官人,669679,35
315551393,旭旭宝宝,669054,44
254420382,在下易某很细,667944,19
449773,旭旭姥姥6868,666857,401
21562856,上海彩虹室内合唱团,666638,49
97471052,动画学术趴,666376,32
2006034,吊德斯DioDes,666104,13
427494870,硬核拆解,665810,63
283753310,notyour_kei,665678,85
8372353,大米评测,665585,22
119801456,老蒋巨靠谱,665374,1012
346059,小M呜喵王,664934,71
283538,冷面Lim,664724,217
35372675,宇哥讲电影,664357,17
6014992,叫我棉被,664224,178
183430,两仪滚,663567,43
351914826,中国火箭军,663303,47
472755538,AG超玩会王者荣耀一诺,662427,23
545424466,高能手办团,662311,0
39101587,虾米大模王,662282,178
385805493,自说自话的总裁,661155,67
479409514,是桃大,661080,133
107130503,XCin_,660067,181
268990278,啊哈娱乐,659844,222
409628312,iiki想喝奶茶,658761,8
420182,郁郁_Yu,658370,121
291945385,海洋饼干Sophie,657844,248
257851644,RNG电子竞技俱乐部,657472,14
11265345,坤哥物理,657464,63
320195588,鲸鱼要好好学习呀,657435,125
5215731,天府泰剧,657082,17
4223935,坂齐喵,657039,102
30222764,洛温阿特金森,656837,410
37090749,东海xx,656761,10
387994725,Mafumafu_Channel,655050,1
384212323,EmmaThePolaris,653849,12
3334737,愉悦的hehe11,653764,40
24323,国家建筑师Cthuwork,653730,133
54256094,杰克大魔王jack,652715,40
164627,杆菌无敌,652041,231
2743119,紫嘉儿,651988,198
312030557,央视网,650943,1
5848380,虎烂大王,650861,157
20423027,开眼视频App,650712,132
223146252,妈咪说MommyTalk,649690,71
197098,菠萝赛东°,648604,386
16836724,育碧中国Ubisoft,647881,36
429132321,GEM邓紫棋工作室,647669,1
303864990,奥德修斯号Odyssey,647458,15
402923390,BilibiliWorld园长,646933,64
23995656,LORIII阿姨,646748,4
305642157,药水哥y,645988,17
24047117,__小黄瓜__,645858,92
36267054,赤焰男孩,645798,61
614735,有妖气动漫,645692,16
38920056,急支糖浆就是我,645657,75
383352214,美食米阿米,645190,25
44070158,是幼情呀,645176,29
429741851,大老师Sam,644995,54
70666,舍长驾到,643689,42
477446031,EdStafford德爷,643546,1
15080107,非正式会谈,642218,28
40539064,-阿莘-,641758,30
22500342,留学的真相,641591,350
406472610,小鹿绅士,640917,22
26349722,硬糖视频,640524,24
7005369,剑网3官方视频,640444,214
474267806,人类早期驯服,639682,23
95480382,左拆家,638649,37
8055928,在下蕾姆有何贵干,638458,92
16070838,唐西西kawkao,638175,114
13177698,梁一口echo,638061,168
111363591,天名大可爱,636386,8
254726274,东京大明白,636151,404
20975663,Livec_董小姐,636122,108
20259914,稚晖君,634876,127
2379178,艾森巴赫,634339,136
19942518,夙胤魔尊言生生,634324,39
4379633,李青仪,633611,3
88389962,韩美娟Amir,633329,29
29440965,超级小桀的日常,632459,6
8883446,琪露诺夫斯基,631264,294
38740321,SAVISLOOK,630995,2
79415852,办公室小野,630568,14
461637,橙心社,629956,35
10139490,一只小短短,629784,299
431886272,Excel自学成才,629408,8
68412710,哇萨比抓马,628261,58
11684621,太阳星sunstar,628241,312
324753357,日本沙雕日常,627921,11
267038161,我叫大头雨不愁,627049,112
26321887,Loger_陈乐一,626643,150
319438468,钳子拯救没胃口,624937,306
326968804,七濑胡桃menherachan,624925,14
10009492,Meng-Mao,624067,3
8580411,翼下之风动漫,622948,29
430669728,X2-siva制作组,622323,58
7980111,TØm,622164,35
40389553,729声工场,622038,4
16484,友人么么哒,621882,236
176756724,野居青年,621684,7
86644929,曾经有个四盒院,621572,1
43976732,水蛭-JogsLeech,621370,67
32708587,番剧茶会,621073,24
96145884,小马在纽约,620763,48
25515594,撕袜奶茶,619747,97
299609985,FPX电子竞技俱乐部,619574,61
66606350,Crazy_Bucket,619115,451
351899011,联想拯救者官方,618617,497
9321359,FUN科技,618315,132
50298349,学拍视频剪辑,618186,102
4249401,20岁了还没去过星巴克,617767,86
17474339,小白开箱,617441,100
22245135,金戈药商白止,617411,27
397540531,不知耻の紫烟老师,617189,489
272759611,按时吃饭并不难怼哥,616116,10
1398957,树深时见鹿dear,614988,256
37390043,动力评测,614343,238
50333369,哔哩哔哩守望先锋赛事,613716,35
519253600,火柴人AlanBecker,613680,3
402210326,徊加日记,613227,1
2539073,女王泡面,613143,287
137952,依然小智,612794,52
10128411,古琴诊所,612564,142
419743655,BiBiPiano,612407,1
2989565,画画峰,612088,121
106685726,二二酸酸,611804,395
220963083,爱吃年糕的阿泽,611776,57
26798384,柴知道,611770,23
412135935,凹凸世界手游,611765,2
1393437,YXECG游戏资讯,611764,596
303469491,闪耀暖暖,611304,3
374692347,悦耳声乐小课堂,611230,50
348640514,千万不要买,610439,11
3517981,喜翻译制组的喵喵君,609779,2
240769971,神烦XP,609710,214
17416517,庄七,608576,8
294081438,摄影师顾俊,607942,38
53166650,晓涵哥来了,607649,11
492628109,尹正,607230,2
470465,MaxKim,607191,160
507521207,矢野浩二,607190,6
392035586,悦耳声乐大课堂,606428,41
34270978,每日点兵,605657,54
477531206,孝警阿特,604993,6
290515513,地球频道,603772,3
12820125,钱丢丢-,603593,332
269558,pipi-萍萍,603107,60
25093470,紧张的猫饼,602667,408
8695736,田浅浅,602663,403
2108856,流萤Zz,602077,305
634131,肥皂菌丨珉珉的猫咪丨,601983,56
4835329,AS极客,601771,33
92973341,脸脸WANG,600817,63
23400436,小雪_juvia,600748,69
30682056,约战精灵再临手游,600270,30
9303228,江湖举人,599725,433
4469745,兔爹哭晕在厕所,599314,129
18030567,H萌团队,599234,64
21036078,大啊毛君,599065,105
2029306,谢双超,599034,1
13007433,喵儿快回家,598406,142
90452309,林北是国民女装大佬,598293,68
2678945,亮亮也是酿酿,598136,38
20951119,蒂姆嘟嘟Tim,597988,198
95304526,EClife意思生活,597758,11
3743849,大蜡烛,597164,622
36207566,振的号,597132,72
14068111,黝黑蜗壳天眼老师,597010,780
32050054,蓉点儿,596540,69
120586,凯玟桑,596128,233
7679753,PB白衣少侠,595839,380
314466447,酷哥李pink儿,595721,58
268536810,火播君,595419,9
50952087,穷电影,594243,10
365135915,欣小萌有点污,593630,284
12177425,Max创意公元,593009,1
161250040,Leediiaa,592912,7
398877923,哈利波特魔法觉醒,591098,1
245742750,陈一丁Dingslook,590899,46
17223352,1900影剧室,590121,35
30954515,柳青瑶本尊,589826,161
522383007,赵露思,589785,1
159163668,凉意呐,588536,28
384032870,叶子解说世界,588363,47
220316581,结标あわき,588031,50
32598708,Bigger研究所,587678,134
194484313,Asaki大人,587592,58
229733301,音乐私藏馆,587178,33
6813499,MK凉凉,586604,1
38407276,邓园长,586405,32
6302909,BettySays,586373,168
22257030,前进的Hania,585381,978
243659434,林晨同学,585267,423
50212909,HeyDrones,584750,147
236093103,小马逛吃,584642,35
2058048,逍遥小枫,584589,51
25329626,咪克菌,584263,592
93876791,魔王大人帅帅帅ii,583789,28
483104470,阿里达摩院扫地僧,583258,108
319341196,RealChubbyemu,583249,18
14520741,元气小鸡血,582781,49
246534959,cram阿强,582144,210
1424972,幻想浅绿,582127,355
742365,生命幻象,581001,273
413417470,几号房间,580283,8
283628778,懒人厨房,579895,7
347441270,唯颂科技XYZONE,579406,10
10804055,队霸蓝战非丶,579035,86
614801,神游八方,579013,170
4779837,混剪晓佳,578041,30
43634508,就是哈比,577742,301
267637532,决战平安京官方,577153,133
429714179,荒野乱斗BrawlStars,576945,72
13046,少年Pi,576904,23
8011552,腾讯综艺,576405,19
921044,是Sumimi呀,576042,162
107278647,熊乐乐大魔王,575924,8
625863669,EDG_Clearlove,575294,2
340223423,Ella教美语,574801,127
291547447,都市夜魔人,574422,0
31832612,灰太狼办公室,574175,2
381281213,姜云升,573948,23
434716461,正经C座802,573884,19
481888304,Boki的搬运工,573758,2
15047978,极客鞋谈,572992,116
10278125,香菜猫饼,571953,169
232236,翘课迟到少恭桑,571934,28
833133,西瓜Kune,571184,195
353317161,挑爷评美食,571038,20
7676999,Iamsii-4,570575,78
283732813,RachelR星星,570488,106
108425972,科幻梦工场,570453,1
14025362,WNS_WeNeedBTS,570314,1
31814567,小明不背锅,568421,23
455710037,锦城大同教育,567719,5
151036433,凉下采桑,567296,50
291780438,小酒栗Joly,566668,235
579877490,Marshmellomusic,566430,1
12799703,包子入侵SSR,565358,46
94613244,厚大教育,564652,30
342762439,皮皮皮皮皮皮皮卡乒,564593,81
1600113,萌爱moi,563149,208
33488229,扁豆看片,562960,2
386645050,苗大冬,562650,6
549772707,摆货小天才,562527,1
193584,闻香识,562453,358
222290527,玩命游戏解说,562256,75
362767725,大蓝雀,562214,83
7966,花园花玲,561577,409
48133212,小黑课堂计算机二级,561229,278
19526512,TenGuSan,560331,46
13736113,有机社会,559386,120
9838560,菊花Project,559156,2
17248260,做个东西官方,558775,6
411164933,王者荣耀芳芳,557879,102
28278842,仲尼Johnny777,556720,167
472807480,中国长安网,556596,141
382666849,笔记本维修厮,555755,72
93841264,梦醒三生梦,555447,11
11793131,KILLLER绅士,554439,573
733622,云紫Sama,554253,22
125776535,萌新二次方,554169,104
2390247,奥雷卡尔克斯,553458,65
321056219,Ayasa绚沙,552868,4
18775476,奇思Cheers,552762,103
374628474,火影秋风实况,552412,26
8469526,果蝇轰,552276,313
7068725,_小魂_,551859,101
313747275,明明实验室,551817,66
24478119,路路迷路路,551627,129
3481012,低调的帅爷,550907,604
545482920,朱亚文,550893,11
8476852,跟风龍舞,550782,85
303740257,牛顿顿顿,550420,814
11292325,柒叶Qiye,549707,68
52914908,云喵喵嗷,548961,25
1276787,稚嫩的魔法师,548911,46
230364350,至尚君,547852,96
5028996,莓可-w-,546776,109
10451557,君寻玩剪辑,546746,79
798527,信徒Shinja,546596,332
63023562,我是朵一呀,546351,25
78110942,耳朵听了能怀孕,546204,0
512480,YUKIri,546117,39
250512381,圆肥白,545961,133
15884598,居哥哥丶,545906,497
70903428,淋雨の伞,545877,326
15770782,七创社7doc,545512,120
419501714,科技袁人,545481,27
20706631,淮秀帮,545196,1
37349250,咸鱼_栗,544000,118
102885422,点滴菌,543687,82
26673659,林尔达,543253,0
90142376,锦书致南辞,543074,0
38669766,没睡醒的阿阳,542892,58
338246445,ddeonggaeTV,542820,0
12633655,我是爱音乐的徐梦圆,542208,39
2735222,非桥段,542159,182
21151219,8KRAW_OFFICIAL,541910,127
8937568,特别中二的q3君,541887,128
488009671,千雅折一湖Official,541581,10
28266043,附魔星Fms,540615,150
452606628,王师傅和小毛毛,540351,33
19193,Zelo-Balance,540129,20
98573631,鹿小草QAQ,538761,58
2435227,戴萌兔,538551,78
12337738,威尔逊不是歌手,538443,36
388130012,王霏霏Fei,538417,6
352001571,斗鱼BLUE,538369,0
100238104,bili保安蜀黍,538315,14
18343134,林小北Lindo,538231,102
68559,哔哩哔哩娘,537167,26
436175352,未定事件簿,537023,9
434734521,Max张晋,536566,1
430948380,眼见为识,536407,161
9064879,紫雨carol,535980,28
26669400,宇宙无敌韩三金,535582,27
502311351,少年王生鲜,535543,2
534916998,清华护肤学长王植,535537,2
32472953,少女前线制作组,535273,4
9847497,杨迪,535061,87
13297724,Gamker攻壳,534896,48
7428971,尽整没用的,534798,6
25416280,俗哥看电影,534390,4
1678535,いとう哀,534279,142
355272906,野拾叁,534103,6
689753,锦衣缇骑,534025,456
12333557,兔兔姐28,533816,201
45229189,Vickysoupsss,532983,22
415405,一夜北风吹,532723,399
24754667,楚河周刊,532131,137
5124649,陈瀚Siri,532073,234
549472400,我係非凡哥-麦长青,531795,7
128907055,SuperPads官方,531778,34
40382041,玉头的造物集,531720,1
380096134,一人厨,531395,2
18690024,-阿健-,530230,412
19591909,二更视频,530227,20
110352985,HeadphoneTokyo,530198,2
347635235,偷次小饼干的橙子猊,530125,2
653768,赫箩的苹果,530119,90
8399076,败犬鲁鲁,529071,506
228342,空耳YAYA,528776,138
8679425,此物天下绝响,528737,587
51588985,是一只九龄,528191,33
273881817,幻想乐园综艺字幕组,527208,1
33151008,老实人小黑,526581,111
35461776,趣弹音乐,526104,21
256283682,奇趣研究,525393,19
11605312,青鸢Cyan-,525349,260
229443704,三吴学姐,525328,82
44473221,薛定饿了么,525119,46
28152409,交通事故video,525117,18
3301695,电鸟个灯泡,524787,521
346098914,大家测,524736,94
486472919,美洲狮梅西,524448,10
11062819,SAO东西又在说SAO话,524091,256
24218974,俺是小熊,523163,344
488971498,徐锦江,523002,1
592449193,木下佑香official,522997,2
8619843,茗家的鸫,522318,263
457047913,最强蜗牛,521981,13
26079128,一席精选,521168,19
484322035,AIChannel中国绊爱,521085,23
61527399,理娱打挺疼,520951,3
23085689,一马平川的妥妥,520523,213
5798753,Mo默明,519497,20
394071338,溅本尊,518509,74
336731767,夏色祭Official,518219,69
35847683,峰哥亡命天涯,517968,40
333010040,喜欢玩基金的小瑜哥,517665,120
524704055,大庆赶海,517651,1
170801610,野球帝,517028,39
387898408,章脑丸,516939,57
92628687,专注秃头九百年,516686,25
81192,真鱼,516342,22
102176172,地下城与勇士,515506,151
222802531,芝士蜜蜜啦,514427,30
34804756,甜甜Ananas,514171,32
18094086,楊沫沫,514141,95
5563350,虚拟次元计划,513971,120
417234323,农乡大爷酱,513431,11
130636947,塑料叉FOKU,513394,111
329360018,布鲁Sir_,513353,96
40923334,SUGGYL,513300,39
8775742,优十_先生,513197,20
193482959,厌世小孤影,513103,5
7377735,武士桑十二月中国巡演,512643,5
8365699,郭本尼,511660,207
397490386,肝帝董佳宁,511263,270
329519036,韭菜实验室,510801,21
207346018,肉肉大搜索,510610,5
21962958,搞笑辣条哥666,510407,14
173947574,好奇五先生,509997,95
1998535,iPanda熊猫频道,509982,23
164715833,老炮电影,509790,12
45478017,HusseinsDrama,508944,78
35364728,品城记Video,508651,19
612492134,司马南,508389,47
669558380,音乐夫妇Yonina,508256,8
30652169,知竹zZ,507796,111
904827,JK低手鱼太,507651,9
21675989,五味666,507476,458
29959830,Topbook,507294,16
1320581,游戏彩笔,507106,95
6065166,川同学不穿童鞋,506985,203
2337891,乐歌,506319,237
457569848,一鸣探险家,505686,27
11173348,下饭音乐,505586,100
492849298,银翼计划手游,505390,4
325272035,艾奥科技,505349,75
37672137,名字君Montage,505346,50
489206287,可妈可吗,505308,95
5860126,晨上初雨,504949,127
37806314,火线妹,504656,27
314076440,鱼C-小甲鱼,504581,5
489400034,忘川驻现世电台,504256,3
138885741,账号已注销,503812,9
646738869,RichBrian,503391,1
2170934,明月庄主,503377,225
4779198,九品芝麻铲屎官,503098,88
9354231,快乐的台长,502878,56
38606568,一颗咕咕星,502701,43
279546736,一只姜茶茶,502642,53
588278127,田野上的繁荣,502358,3
154375071,小陆的陆吃,502221,197
66884740,肉肉肉肉姐,501772,9
477328270,厉害财经,501728,21
32533840,对啊网,501728,7
23326926,柳行长,501699,264
10909041,VirtualMOD,501651,68
392518574,py86啊,500500,72
287051252,妙招姐,500229,9
492614353,狗子队长-,499801,17
13114261,-STA-,499336,63
120026450,虎视眈眈频道,498687,33
110974,视频大拍档,498444,142
437957199,RAY的模型世界,498359,60
59173783,牧童说,498148,43
84130356,夏天y,498116,77
31700507,游研社,497477,20
18149131,Overidea_China,497421,220
14837663,奈さま,497365,46
17138783,HotGuys,497335,53
7475950,豆砸OwO,497175,174
13309363,小隐Soyyo,496875,39
483301783,YouTube英语精选,496811,4
386869863,培根悖论唠唠嗑,496608,58
30691457,酒太菌,496338,61
25231059,超級突破手乔治,496092,394
95411213,网瘾少女小肥酱,495701,138
280421456,Stan李昂,495016,76
1718674,蚊叽叽,494807,126
37016811,ANNBITION,494553,16
32648420,安风诺良奈,494418,105
146048006,人类清除计划有限公司,493954,61
412719797,YouTube精彩视频-,493727,8
402370368,Mmxgxg,493406,5
65764710,草莓味の喵喵酱,492740,115
161759588,天才少年锐雯,492586,13
323353198,我是上雅,492373,102
2629890,女汉子字幕组,491781,3
5734089,Yp杨英鹏,491770,13
591889353,哔哩哔哩视频卫星,491558,7
8203920,沐帮主,491327,56
82366241,看电影了没,491019,6
22423090,卓叔增重,490808,79
36099076,芦荟圆滚滚,490659,92
3998398,秋呗叔岳,490653,83
17638509,星月兮,490168,154
428040854,上单老祖,490044,83
29289302,骷髅21必上岸,489931,153
278462087,不吐不快酱半碗,489927,0
222712093,唐唐频道,489763,4
13904634,我是TOO,489567,154
1293653,萱框框,488735,24
87721937,元气骑士,488697,135
473524263,澳洲阿彭,488234,72
270494247,血小板゚゚゚゚゚゚,487228,95
17411953,猎奇笔记本,487049,29
41224373,古人食,486871,5
387181687,仙姆SamChak,486149,31
238624419,咽气诺,485633,16
485671471,法医秦明,485431,4
43075474,老婆爱吃巧乐兹,485270,6
410203688,陈仕贤1114,485268,18
226178777,街头社区,485159,143
837470,桃核叫我桃道长,484955,93
95205039,触手剑仙,484640,0
9862450,艺术与设计史,484438,158
2735036,郭享耳儿,484039,126
615236,秋田役,483890,78
40491956,姗胖胖Joyce,483785,189
28870949,陈小双不拖更,482100,42
335692980,百万剪辑狮,482088,40
19582984,轩龙鸽鸽,481983,49
10835521,在下刀哥,481901,943
388362147,亲爱的嘉倩,481811,26
7441279,神叨字幕组,481696,1
1492,Q-kun,481381,59
223958603,2233卡菌,481268,41
648733888,我是阿尔乔姆,480415,12
439004951,一束光开始,480147,3
1835967,善良的诚哥,480054,142
872665,我是一只粽子啊,480037,125
236602327,纸条App,479934,18
13357338,小巨人猪大星,479882,59
220333057,狠人大肚,479877,199
398582016,警花说,479346,49
390126641,主播蛋白i,479307,1
2444757,大蟀蝈,478797,57
396513584,柚Japan,478733,14
132704,反犬TDog,478724,33
291296062,猫宫日向Official,478639,41
4198933,miko酱ww,478564,102
175087044,战斗吧小白狐,478384,333
2084361,KyleXian,477950,159
7988384,一下子就醒了,477900,34
470962000,落九川,477867,17
642922,韩小沐,477777,263
14380285,瓦不管,477552,29
10413744,ADC芒果,477550,80
29877659,樱桃味的叽歪酱_,477425,41
26108626,赛雷三分钟官方,477198,19
326258472,忘川风华录,476795,29
15989779,昼夜夜,476474,207
383384638,老四赶海,476227,2
431646218,阴阳师百闻牌,476119,8
5689319,滑稽中二梦,476113,356
480940351,腾讯,476022,135
9717562,星际老男孩,475590,21
425642,软软冰,475537,2
13733433,PB阿星儿,474324,152
15810,Mr.Quin,474286,18
36044181,大家车言论,474232,24
29349549,杨舒惠,474125,10
13925422,天降呦呦,473955,104
96038238,一只帅仆桑呐,473769,117
31599940,洛舟止,472906,96
80696429,恋与制作人,472845,2
20695818,90后科技说,472468,136
1388774,昨梦电羊,472200,21
178047796,中正评测,471958,0
523085457,不更新A,471671,0
37128669,方恰拉本人,471415,18
73415355,GM的秘密基地,471402,108
405036467,胆子不小的郑吉祥,471305,30
4282930,豆豆子ex,471251,152
191388711,修仙不倒大小眼,471065,13
70326069,余轩yx,470825,44
34557341,大包多来两笼没关系呀,470638,49
408433491,高数叔的百宝箱,470431,30
475961,翼王,470299,191
438321662,DeadCells,470040,1
5504100,觅森青,469925,69
486443212,托托就是TC-ZHOU,469389,28
22089099,手艺贾,469379,9
434677926,小y王者解说,469194,23
479497091,晁然然然然,469192,11
29992385,iG电子竞技俱乐部,468819,33
330260751,喝水少年孙十一,468693,411
432230,雪和风,468406,138
380829248,花园Serena,468345,45
3530725,陈抱一,468227,1657
25008106,曹译文iris,468197,80
451618887,艺术家阿克曼,467882,23
486582665,中国历史研究院,466580,21
36258421,Supercell游戏,466563,11
27996286,迪哥闯世界,466557,2
457871303,一点爱送温暖,465947,32
37121765,東西物语,465839,43
9153331,小野妹子w,465580,62
80333183,历史启示录,465326,24
21857,桐学罗,465325,101
25974255,钨冬Jim,464823,194
408487386,海盗互联网,464740,3
323401468,食味阿远,464397,7
2860983,咖喱FPS,464205,78
44648324,李院长_,464156,14
526294618,美国曹操来了,464036,15
13763303,月见兔,463924,1058
11742550,哈米伦的弄笛者,463891,259
7151101,SING女团,463812,13
441367531,黄智贤工作室,463729,3
12076317,哔哩哔哩智能姬,463707,80
300722822,刘文超Vin,463235,197
53490139,吟游大司人,462989,70
7815300,进击的阿叶君,462684,72
13221028,迷茫小树叶,462623,148
4838429,玉面小嫣然,462385,41
327621460,星海璃幻,462324,748
319020821,小小万mini厨房,462274,150
24764396,不是闷,462053,16
163404472,五百-,462040,282
3647169,丝血反杀闰土的猹,461978,58
16777299,vikk啦啦啦,461713,95
144709395,小南QAQ,461060,39
92561403,板娘小薇,460900,46
4705522,沙拉Azusa,460021,100
119418,赤九玖,459787,25
27375326,文艺青年王小鱼,459759,147
8465957,乌鸦预告片,459415,205
24790535,油兔字幕组,459100,0
16576379,空格魂,459005,143
8580108,圣剑少女の爱,458540,148
44714611,东子超人,458497,340
395619513,旁门左道PPT,458407,21
135589565,博妞_Bonny,458344,171
2088613,6岛岛,457843,15
486257145,刺客政经,456922,113
315111461,IceCreamRolls,456575,27
13336014,神迹字幕,456020,51
27899754,贪玩歌姬小宁子,455433,48
346784578,Noel苏诺伊,455423,32
388424220,英吉档案,455323,1
6870383,海獭娇娇娇,455077,31
296426733,娱乐解说马桶c,453927,49
463999,波喵喵喵,453918,164
4728147,骚铭,453513,36
475250,Kyokyo,452872,147
35024126,KalinKay,452465,0
595407557,菜菜子Nanako,452432,61
157761,达奇上校,452021,147
171356359,王者荣耀北笙,451122,66
133934,崩坏学园2-灵依娘desu,450930,17
23797294,MakerBeta超能实验室,450673,39
515108123,吴敏霞,450461,12
10206987,自然卷阿怪,450417,16
609687,Mr.Lemon,450171,61
341368,JUSF周存,449597,59
297153101,AerinGhost,449464,230
291415305,杂乱无章MessUp,449225,55
848008,麦子麦麥籽,449029,482
8770537,站在强迫之巅的少女,448808,301
28285245,-维密天使养成记,448745,10
433187833,游乐王子-袁奇峰,448562,14
390783979,重装战姬,447504,8
320649772,不會跌倒的羽毛,446738,1
96579773,十三叔说游戏,446569,31
602829158,延妍小师姐,446483,8
497257864,小波健身,446393,2
91254197,LOL小绿毛资讯,446195,527
332545145,xx_Hanhan,445805,82
5582337,翻绳三九,445414,198
21226331,Jachoy,445300,27
6289720,LizLu栗子,445217,114
306805,小小☆精灵,445153,158
20882740,音_嘤嘤,445022,47
59550906,wuhu动画人空间,444746,257
120122306,麻雀喳喳野行记,444612,31
35365051,热血少年阿某,444553,404
108532523,英雄联盟赛事,444532,9
249115678,好运的鱼,444309,38
622863,千本露露,444152,174
11299160,怪物彼岸花,443963,930
420831218,支付宝Alipay,443570,51
10949920,海男Rex,443267,15
1815938,神戳戳的苏神,442628,42
32172331,战场ヶ原様,442210,240
307460405,魂器学院,441932,15
520149726,拿拿nah,441657,4
99040761,萌大雨YUYU,441574,17
37607457,凹凸赛克,441158,37
51703585,巧手姑娘是仙女,440763,113
1826871,动漫唯美风,440678,273
63274187,dc008,440620,151
99015667,大嘴的雀爷,440422,11
7145647,月爱,440397,28
4296924,DioTV,440289,48
12362451,犬山玉姬Official,440227,117
327052542,余小C的粉丝,439579,21
194128,赖美云,439491,39
10465808,优酱胖头鱼,439417,623
372311426,sio_yo,439280,1
335076666,GavinThomas,439232,4
323194278,河南共青团,439150,146
345742119,杰儿美食,439126,3
7937899,pll25586,439080,3
10957484,绪作君,439017,1728
373240,少寒Shine,438939,29
4533917,三天两觉是也,438938,27
35465092,绘画大触,438903,14
238329119,二老师原创,438827,12
96094291,英国普罗派乐卫视,438505,1
154058118,SPlusTech,438137,120
20601676,慕容云磊,437635,50
193262326,音乐Wu哥,437594,12
507915414,PattyCake官方频道,437589,3
439248351,蒋同学icon,437339,3
37781521,郭云神奇,437164,377
4079592,机核网,437124,55
3301199,scyrax,436496,23
51606885,VIC56_CC,436272,164
24919529,川大发,436178,174
6265316,小短腿叔可米,435532,122
383858870,绅士张儿,435525,9
1375608,5kg字幕组,435451,71
189866857,国防时报TV,435344,217
457702786,摸鱼能手邓大头,435255,26
298019496,吴宝宝游戏解说,434158,2
60509716,一个爱吃的猪,433838,53
430662909,天天小朋友他爸,433814,8
477278,木羽说科技,433659,306
143430595,小涛讲电影,433657,5
427457465,万灵启源,433180,3
34977510,谈苏慧,432998,20
24049951,冬日蜀黍,432833,40
755875,路人A-,432583,133
828468,烛子ikina_光遇,432352,680
340273654,两只沈梦溪,431990,20
385315631,O_WEN欧文,431782,4
253752,404NTFounD,431691,3
3590414,抽风的小婳妹纸,431554,429
210291,蚀血之暗,431527,21
32899075,我叫Abbily,431308,20
384068749,CodeSheep,431230,19
21792949,小兔宝盖,431039,67
491936052,啊脑袋_,430797,42
797795,脐带老妖,430678,184
30821586,MYBY孟言布语,429982,2
388742853,PS4游戏姬,429955,181
92345772,ONLee_Studio,429237,48
145716,罗兹,428668,151
11783152,不要吃咖喱,428538,97
1706344,昔日友人,427960,238
3078223,野灿baka,427678,144
52296044,郭乐乐很努力,427561,21
434760336,低调上传,427387,50
394606820,DenQ来了,427273,0
354077280,1818黄金眼,427006,0
133901828,二斤啦啦啦啦,426978,191
91399769,衣谷水原egg,426672,63
203389736,TopGear,426592,14
18609890,菠萝赛东的亚洲猛男,426558,175
324268342,你们的寒王,426440,3
30580510,是白米不是黑米,425866,69
387107844,美国老张,425843,15
544368017,SUNMI的日常,425812,1
65743486,小墨不是小莫,425528,215
507694,废物弟弟汉堡包,425409,20
6655892,腾讯电视剧,425261,25
35082214,BLACKPINK吧官博,425184,2
39298350,晴儿Patricia,424466,37
80509102,披萨OB,424449,2
478269351,极客队长GeekLead,423740,32
427841873,花样美男路西,423659,56
21805725,吴不伊,423529,34
16661793,狂人实验室,423365,95
10769575,文史阁,423312,114
11938498,逗比宇,423018,8
6340662,GinGerrale,422994,308
28438960,蕊姐Regina,422844,3
101653947,有书快看,422607,2
90538663,光线电影官方,422343,897
38002736,故事王StoryMan,422110,101
314521322,天真的和感伤的小说家,421877,31
31470014,萝莉一凡,421306,50
173940492,喜翻译制组,421248,3
368912467,Devil青酱,421171,143
322581202,国际吸猫协会,421026,148
14229967,一数,420784,0
31399640,流影言志,420357,49
474849572,十五喵金融,420065,3
50844167,可靠de伏特加,419964,961
16235896,岚fl,419929,63
226102317,蒲熠星,419578,46
6881318,MTkoala,419531,35
330849669,鬼泣-巅峰之战,419079,11
350905839,峰video,418963,259
34579852,徐珺大哥,418959,232
13677047,Piano莱特,418901,38
32708626,哔斯卡金像奖,418750,198
10680360,老八捌,417880,120
389988163,PopMatta,417737,481
607286,i御十二,417651,134
5191778,肖恩Shaun-Gibson,417385,23
34264408,御史房,417247,63
545348008,达芬鱼OAO,416633,35
3746384,悠然小天,415992,34
19007306,冬冬和37,415837,19
492613884,你的疏疏,415784,15
168310298,阿中小王几,415521,32
13689353,久远丶酱,415221,412
179806277,你好竹子V,414948,0
35579222,紫颜-小仙紫,414930,116
410018076,歪点子实验室,414585,152
49631892,月隐空夜,414547,236
1576121,帕里_Paryi,414392,54
1320523,饭帅,414378,283
32685766,我是球球菌,414304,131
108572682,月下玄月,414107,217
22781,Co视,413778,307
31578954,街健呆木头,413701,64
361775100,怪力老陈,413576,30
38696383,老撕来撕思维研究室,413419,71
7295246,JKAI杰凯,413208,0
357261525,安迪视频,413087,0
91349944,鹿歧leechee,413040,6
301717426,周扒片,412871,67
826393,叶洛洛,412037,26
473940554,英雄联盟手游,411856,1
13374324,猛犸君侯,411621,1
383326579,聚核电竞,411434,173
352248648,三毛水果艺术,411333,29
10192784,天骐只卖998,411260,89
431753564,毛茸茸的星球,411212,74
300702024,丸嘻嘻,411190,33
35289501,Free从容,410960,63
17301696,-招牌猫-,410954,167
286122519,洪小草Human,410818,81
11275028,易世樊花,410116,51
471300508,付鹏FuPeng,409787,4
212230,八尾妖姬,409742,40
477132,TAKERA,409702,17
2859372,名作之壁吧,409363,63
265589608,-古人云-,409086,27
11025317,斑鸠心平气和everyday,408387,1550
884798,蓝天上的流云,408276,87
7389578,奇然liya,407849,16
10217261,九筒Ninetone,407485,72
204341291,朴鸣Piaoming,407202,34
489117797,C戈体态矫正,406987,65
7304857,可乐神提供,406572,109
492472,沙拉酱merry,406479,95
223902,空灵雨迹,406359,133
11233223,游民星空官方,406287,149
46545652,胶片看电影,406224,133
323733137,史里芬Schlieffen,405837,7
471143290,mlxgzzz,405722,4
18491201,加油小军哥,405584,54
8739477,老实憨厚的笑笑,405513,6
382595439,无毒放心奶,404850,79
326088478,好看不火的梦想家ALI,404803,16
494819449,刘骁骞,404713,3
5818410,芦苇十三少,404674,104
339567211,赤井心Official,404608,40
175955136,小8音乐秀,404286,125
7807024,幽灵校长,404181,251
37889997,冰寒哥,403719,20
508141704,大熊苏尔,403710,12
88409928,柠檬遇上泥,403099,91
395931838,虎牙赖神,402663,35
11766439,樱满八幡,401861,289
451604392,火星工程队,401434,2
384414527,渔农小池,401169,293
249118,shourei小N,400870,51
22017969,Maybelle_,400762,67
19474906,我们的太空,400715,185
10350985,Racoonamatata,400650,114
35225688,9418白给少年,400506,509
366314,夕寒君,400422,360
51031539,陈大白,400121,34
38520275,网易王三三,400072,33
381718532,山海镜花,399967,9
189999067,渔农阿阳,399964,2
354273749,大王不高兴官方手游,399897,5
1767542,笨尼尼子,399806,43
382805401,流行舞蹈教学,398503,2
205030397,米粒_mini,398335,13
448297177,陈情令,398157,2
302417610,尚硅谷,397862,6
9175105,ibabeee-iris,397845,109
59476849,平凡的巴达,397090,118
10664325,Amoy硬邦帮,396829,30
383053366,白鱼Sakana,396825,56
95039731,JINSLOOK,396781,57
367409090,星辰竹鼠,396389,22
3788422,Kuma轻松熊,396204,434
330018357,一首日语歌,396083,41
95290670,英雄联盟宇宙,396000,0
596299260,翟东升老师,395963,5
10998116,金花Show,395877,177
17588331,青蛙刀圣_1993,395865,51
23693515,韩语养乐多老师,395769,16
397287828,灰烬战线,395618,1
256667467,崩坏3,395542,45
65534411,步行街车神壹杆禽兽狙,395475,4
5276,开门啦你的小初快递,395431,104
11722013,爱玩客iVankr,395044,238
8684591,露露黄了,394530,190
398597377,贝乐泰是冠军,394509,57
357369342,强人的琐男,393941,15
2587393,波流音,393854,50
25333161,白熊ONEヽ,393676,431
405747132,小白的Bili官方頻道,393668,2
384328284,信口开饭,393580,34
30698151,喵熊°,393413,85
628692407,JungleSurvival,392655,4
123321175,佟大大是ETT,392508,29
27149129,Martina黄菲菲,392376,152
66596408,Pooh的小屋,392305,37
12341115,SAN三个鸡,392287,44
1506849,半泽和莉娜,392021,39
399776430,设计采集师,391844,19
43695117,答案4nswer,391814,120
5273634,狗司令太子,391426,165
346342151,杰克辣条,391251,72
195335644,郝凡啊,391178,27
35952860,解说DJ哥,391154,112
15982391,丁香医生,391093,17
139905,猫大可,390985,117
652315,一方通行kuma,390782,61
21778075,_青红造了个白_,390575,7
391912170,LOL陪玩酱,390324,30
490670548,Minecraft-ICE,390228,81
374600890,你的小美吖,390066,27
17174243,yakisa彭雅琦,389876,22
431748468,考研斯基,389844,18
471713348,Mayumi,389842,10
4287618,竖笛小魔王,389351,60
362831543,小灰灰大人,388738,44
2531929,渔夫lotsofone,388736,155
239854589,小圆脸Paprika,388686,42
285319301,花都兄弟,388500,135
339736687,随風说,388467,218
30588461,是大腿行动局,388401,33
6016626,呆阿拿,388242,51
7518633,看不见的罗杰,388242,214
274336320,MASA料理ABC,388130,0
52717408,PUBG聪聪,388128,104
28393820,啊哟大阿桔,387986,83
379247856,好奇心会社,387815,3
177230427,某幻今天直播了没,387628,1
8843146,蚕豆音乐娘,386581,43
12968717,铁一WENDYZ,386369,72
472527812,Madilyn_Official,386333,5
177500916,OnceDing,386030,226
6810019,AnKe-Poi,385800,64
339781938,孟晓洁Jae,385671,22
276453435,肖先生的餐桌,385542,47
425466465,王者荣耀解说老勤,385214,24
2973198,轻微课,385190,18
13915554,吃萝卜的冬狼,384948,304
314823429,淘米睡起床了,384788,70
7936287,托比昂首挺胸,384784,60
381575926,信口开盒,384730,14
755824,杨颜同学,384481,280
7610610,吉阿星,384385,204
894875,【炎黄】,384335,7
404642665,纳豆_Nado_나도,384113,7
20798963,扣子哥哥,383881,0
363584502,表象的本质,383877,55
322595106,圆某人和四某人,383451,70
9869749,117丶,383268,28
26439953,鹿斯白,383150,30
300994119,沙雕网友咸叽叽,383035,302
186443421,叁乔居,382407,13
441897078,火影忍者手游情报君,381912,106
11994792,我是旬猫,381492,67
429858704,林颜王者荣耀,381355,16
365320362,W总动员,380994,72
912928,abbey小熙熙,380979,15
639647,KAYACHANOWO,380757,20
359423988,OPPO,380735,51
271517969,SCP配音团,380569,72
21471064,Cynthia默小宝,380360,28
25175513,何小疯sharefun,379964,34
25560915,IT搬運工,379892,0
269353,网络小说排行榜,379741,15
12757904,雪輝TnT,379363,125
455961781,帅脸熊,379248,16
516786865,Vitas维塔斯,378922,3
11284967,我是嘿老外,378670,3
72201502,国资小新,378518,151
397508,FLAY工作室,378510,86
84519089,窃格王拉,378265,35
11252239,colinzang,378053,178
21620236,十万个内涵图,377835,1
32682920,9iota,377734,38
11357018,动画魂-Anitama,377553,35
35147507,卡佈奇か诺,377469,136
30122385,辣骨蜀黍,377301,67
550601912,敏慈不老,377259,36
662163337,JaneGoodall,376949,4
584193,霸特小阿蝶,376929,106
99059156,renasteps,376531,38
6087825,小紧张的虫虫,376441,164
434565011,物述有栖Official,376074,34
39736779,38号车评中心官方账号,375850,7
207539637,哔哩哔哩放映姬,375614,47
89539571,唢呐哥阿圣,375374,25
451720535,语文学科,375329,0
3811052,不点外卖先森,375319,45
36938159,叫我张山轰,375145,133
477332594,白神遥Haruka,374970,126
253386649,王者荣耀空伐,374894,15
21950148,杨光_建厨师,374822,127
71565747,白熊音乐Ukulele,374788,2
441381282,花丸晴琉Official,374547,6
16772963,因缺思婷,374426,0
8618005,睡梦被蹦迪的凉哈皮,374343,134
381881579,VirreCSGO,374280,3
69221252,电剧侠,374230,11
883724,小阿掌,374092,82
15002129,设计小教室,374089,13
29252533,幕川北,373728,96
10266242,绘梦动画,373606,364
421912906,天下一场梦,372806,37
5774538,林嘉驹,372408,85
22021477,Minami_Momoko,372403,13
481936705,AndrewCap,371948,11
21143599,天JIANG,371909,21
913497,柚子又抽了,371511,87
13430593,1ng_萌心,371436,233
10498826,咕噜健身厨房,371369,39
290982,zcy902,371291,426
92334349,英国报姐,370397,3
36336420,林虎_LinHu,370013,39
340243032,憨娜Hannah,369769,171
405000061,D5小队官方,369729,7
920713,爆裂菊是也,369718,95
206123398,边检小花,369702,32
8827857,白痴毛,369614,188
32516392,YIWWWWEN,369595,19
67109379,苍辰才不宅,369528,236
479366807,小样Oak,368975,295
138744609,千指LYX,368817,0
8141454,天真无邪老Ty,368481,100
1461498,爱喝假酒的FA,368294,253
484662152,卷卷名字被吃掉了,367560,17
12196522,zy戏精学院院长,367435,389
280754190,到车请故意,367213,10
419058522,裹小脚的大叔,367012,34
517742404,刘畅木法沙,366835,20
286263737,昂克英文君,366777,112
490494088,动动枪DongDongGun,366741,165
692233,OtatoB土豆,366641,106
93890857,柴可夫司徒,366535,260
32139438,饭团小夫妻,366373,228
4135025,早睡健康长寿,366122,518
37062284,说方言的王子涛官方,365822,5
503018662,吃草莓的果子狸,365811,121
39865998,EdmundDZhang录制组,365809,8
284971783,食物语,365566,25
28114396,汪の大白,364963,258
8553425,公子詺尊zzZ,364942,95
2745073,氪金氪金氪,364769,19
40711647,开车大神,364664,10
311117856,人人短视频精选,364504,15
26721635,假装冷酷的起灵,364237,130
8076065,爬爬娘,364216,67
95845925,帕克统一忍界,364185,323
124506289,了不起我的国,364155,377
113711,疾風醬,364041,316
10272440,骚拳超人,364011,244
474441355,雪茸堂小马吃草,363973,7
888874,四川猛男老圆,363964,51
287993209,A写输人,363773,15
21587273,孰可司,363585,78
429301126,我的勇者-阿兔,363565,4
27669924,外行员,363103,1
1852181,ParmyAU,363054,103
218392052,仰度-王者导师,362939,25
40857648,一朵老香菇解说,362923,79
12713781,独立鱼电影,362916,5
163230711,雁鸿Aimee,362654,298
362588980,汤质看本质,362632,65
47780275,削人棍专用BGM,362335,47
301126547,闷心学长,362306,119
14118553,调色师手册,362269,252
2821930,冰火淼焱,362189,0
9037593,天才小灰机a,361432,78
288239,虐猫狂人薛定谔,361120,41
43855,litterzy,361071,158
682508,超心塞的十六,360920,49
402941695,我是徐大宁,360770,36
406948651,乐正绫,360751,12
38347595,风云熊,360744,211
582661,铃椛,360659,65
23365215,HelloCatie45,360044,1
2451764,傲娇少年_Vk,359771,17
311871090,伟嘉gaara616,359753,76
12575583,朴鲤朴鲤,359671,227
271872444,汤几一,359220,145
52001259,大头大头哥哥,359066,321
89305083,Ticki白小白,359009,21
350181658,九九高效练字,358996,0
65538469,葡萄的叮当猫,358971,157
201434,括号君,358811,3
669462270,寅子,358611,12
377111610,啊黑man,358249,60
350819093,二次元Fans鹿鹿,358086,29
246503008,贝拉小姐姐,358083,17
100825369,十万个品牌故事,358053,275
16097105,称韩D姜玉龙,357666,143
9275129,槿酱吃不胖,357646,190
10812506,酱酱げ,357456,87
449643177,胡宾果Bingo,357363,0
353368172,AHALOLO,357292,20
8840164,搜狐出品,357217,2
3989101,袜子ψ(｀∇´)ψ,357001,52
581800982,灵笼火种,356947,3
32912448,皮阿鸡Piag,356851,301
43111066,唐马鹿,356736,37
386215728,朵嫚妞,356712,2
381738,M.Scarlet,356657,62
309441717,虞书欣小美女,356300,3
500253110,柴崎老爷爷,355961,2
490265189,荷包蛋时间,355419,10
177622092,动画少数派,355405,63
29279936,圆叔--地方天圆,355395,102
28220117,Skm破音小魔王,355342,13
55405922,無才,355168,31
874002,孤独自学,354683,2
16547335,猫菇椰汁,354668,502
361840091,积极向上的十二,354630,46
335575297,在下铁头阿彪,354513,45
26583216,纯洁上校,354216,84
903988,reAct木子,354007,224
47224192,蓝星人-ET,353888,36
447261734,中科院格致论道讲坛,353817,82
81966051,猪酱的日常,353614,75
271894378,你溜溜哥,353554,13
32708316,下班打游戏菌,353515,42
200336749,魅族科技,353343,46
2250815,游戏机实用技术UCG,353300,87
456772888,肥笨不肥,353167,66
499023,锡兰Ceylan,352996,77
27880221,阿扶frits,352938,1079
514777186,奶酪和neo,352753,25
12981716,认真少女_颜九,352646,34
177976892,网易一梦江湖官方,352436,10
242005097,悠悠食记,351922,198
490295891,灰尘男友,351777,4
456102,FGO丶Master,351759,263
53417836,刘飞儿的时光,351555,19
12876332,霍顿,351278,52
5687194,银发の半精灵,351177,131
2436980,sorry索少大人,351155,91
15717030,谁让我是白泽呢,350930,233
39431804,王勉_,350866,23
523608103,给我一个镜头V,350619,50
222850131,宇宙视觉X,350490,7
7061124,无一语NOS,350355,44
2846448,机智的废柴君,350331,94
17221410,老电影故事,350271,4
399111648,Eve_official,350161,0
673816,谜之声,349798,1
36251414,恩七不甜-,349711,1
6529759,TaylorSwiftChina,349388,8
16505725,口袋舞蹈君,349278,6
38385543,司徒建国Stu,349256,53
479598650,阿力酷Eric,348864,2
513811800,老华带你飞,348740,115
383423248,小米情报官,348734,38
373867,偶是偶啦,348648,1
353224849,老炮儿联盟,348460,48
14816481,时风____,348371,27
86335477,哔哩小红旗,348069,3
7947131,影佑,347876,1
7577086,狂野的种马小说家,347664,1100
22430711,AmbroseDADA,347594,166
122603795,波澜哥已上线,347464,2
389295398,ShondaXX,347430,218
539998,草莓味の小圆,347374,79
7599814,失心de少年,346230,368
662670880,刀剑神域黑衣剑士王牌,346044,1
1599822,小卡塔克,345588,246
2196632,RushSong,345543,244
7065799,小呆萝拉Lola,345521,197
98960802,英梨梨゙,345163,1231
2915852,没关系都是神经病啊,345007,60
240330496,小萨666,344860,17
389599412,雙聲類小光,344849,19
28751839,小兔崽子蛋炒饭,344743,273
364225566,战斗吧歌姬官方账号,344673,73
5806516,黎明の妖精,344657,45
476545374,17岁反派里的持枪Boy,344599,124
221417325,natali3ee,344578,168
27785817,名侦探拳头,344578,70
14558631,老美王霸胆,344502,7
371846699,图灵的猫,344495,98
20804983,5毛变向,344159,44
301366696,胖鱼鱼Sairy,343844,22
457857973,影流之主1,343820,19
27674245,我是芒十一,343816,40
223289804,非人学园,343523,90
200903609,野生大厨,343482,140
18147814,南南瓜瓜瓜,343107,216
2024816,柒七Kylin,343051,320
278761367,唯一讲述者,343040,47
316568752,马督工,343020,26
13829896,白日妄想家,342830,212
67214916,甜悦家烘焙,342698,2
325119402,手工小匠,342694,27
9136870,LeeAJie,342540,41
610985554,马思唯,342503,1
25870294,菇哒日语频道,342456,32
229740315,秋山燿平,342431,20
8564761,污花prpr,342239,76
52139814,电影黑匣子,342138,19
340196625,宅集社,341959,33
12691609,BeautiesClub,341797,80
10043049,banyan君,341765,513
19789641,井盖小分队,341579,1
85942716,全靠一双手,341497,5
95083523,NowFitness,341451,22
2989690,陆二胡,341382,146
11805472,老湿alwayswet,341061,6
211381797,苏司喵susiemeoww,340899,115
284551466,希德尼娅的兔子,340677,15
4677463,小熊茉莉,340555,72
6594504,山下智博二号,340510,3
163119064,小屁孩Futuremade,340456,2
78419031,五音不全的橘喵Cat,340298,41
49676,阿呆每天都不想动,340239,201
104117971,小野智恩-,340171,11
11463305,兰幼金,339987,48
442177273,计算机学长,339696,22
2884277,小蝉丸,339473,225
20084211,哎呀呀呀是二又,339412,252
3149619,有栖Mana_Official,339060,65
393260578,这是Morty,338576,76
43535125,吸血鬼的智齿,338500,1418
386818199,我是林本林呀,338419,25
60614881,无聊的Do君,338222,123
414350632,吸奇侠,338222,103
3985676,扶桑大红花丶,338116,30
474988341,M电灯泡,337697,35
125086778,桑九学姐,337108,1
226661554,兰林汉的粉丝,336563,40
86439234,Upspeed盛嘉成,336560,241
470286793,半吨先生,336355,6
28278455,香菇滑鸡_,336283,80
34528925,玄机科技,336273,3
60058,阿尔法小分队字幕组,336153,194
406948276,言和,336103,7
312679910,浅葱喵asagiinyo,336083,2
228832527,青春山东,336016,245
194566043,解说小怪兽,335405,108
37235515,笑锦やめて,335360,9
17171755,爱好恐怖片的美男子,335158,68
297670584,我是大佬K,334952,41
441833336,时空中的绘旅人,334511,2
330325021,健助师_小珂,334481,10
40489639,球球特别大,334414,250
10674984,我是一颗梨,333607,55
387549,南家小唯,333123,25
354188817,爆走短路,332958,145
397076400,百变琴手Rob,332600,18
2832224,SNH48官方账号,332374,70
95348560,视光医生马老师,332297,37
39180492,蒸気火鸡,332229,20
19753455,六道无鱼动画工作室,331873,10
287566885,旧真瞎哔哔,331785,43
763712,十代冥王,331641,234
328135510,刘柏辛Lexie,331615,36
406871371,捏碳碳碳碳,331604,259
65760366,最帅的老外,331505,14
86216745,不求人BQR,331376,14
356185545,潘安同学,331274,42
24648298,金啊涛,331214,15
23679403,一千只大日日,331113,564
57859809,星空君说宇宙,331023,149
5260378,白勺啊达,330872,146
20402739,奋斗的生菜,330675,218
16647469,是BB大哥,330674,48
30329614,终极死宅CC酱,330585,83
16210993,刘美含Mikan,330577,13
3148553,Hildakoaren,330556,28
17293251,大树君,330246,35
402192190,猪弟的真人真事,330157,9
10215511,大欧君,330031,80
25480023,花生説,330003,279
68021907,政宗君de情敌,329912,206
21453565,TV-TOKYO,329900,0
3201874,李蝈蝈要当红军咕唧,329576,66
797614,阿赫official,329518,210
241449231,你家小叶哥,329448,155
34955701,俄罗斯田园猫,329398,14
11415011,Gini酱,329375,99
484262091,郑丽芬er,328981,5
3633594,钓钩钧XJ,328419,91
487640933,花小雕,328412,66
9459684,变态辣惠子酱,328366,27
68565179,扇子NO_FAN_NO_FUN,328364,8
180537674,预言家Alice,328271,123
301889823,阿喵汽车,328235,34
175631,川岛薄荷,327908,489
494537432,羊咩咩和丫吖吖,327632,46
15242988,T-EGG茶蛋字幕组,327630,0
13730996,大湿的学徒,327357,28
181578039,Krenz官方账号,327249,2
318355178,彩蜂攝影杂志,327224,68
170088482,炎辰大鸽子,326835,81
12519751,香你个鬼,326662,0
74456930,EdisonXxu,326599,0
33066045,军武大本营,326557,4
659965,姬佬爱上熊,326519,0
23513862,再肝剁手,326460,374
394186072,零界之痕,326460,3
61879712,老司机hot,326371,20
28669731,幸运的粉星星,325879,159
630836232,杨超越,325707,2
29235455,马桶吐槽,325524,188
392991395,俊晖JAN,325508,65
277257,初音社,325505,127
13407784,大宽物理,325483,144
40430723,侣行,325447,1
212006338,HuHaoHangtime,325287,29
307367742,电影有深度,325282,51
30513318,单色舞蹈官方,324807,18
40433405,科技狐,324634,95
403776414,小西沟沟草,324582,25
48459091,林游锐-,324570,24
53429748,我是小章鱼大丸纸,324554,21
6991087,米琪小连杀,324329,109
2508135,南风恩赐,324159,30
29977081,暴影君,324028,29
250610800,影视后期系统教学,323918,17
8820267,破碎的意识,323885,404
51478907,一只老玐,323724,52
18441515,小馒头叫包子,323715,93
301606770,睡神不醒丶,323530,6
202412660,打野鬼才可杰,323487,4
363852103,陈老师敲黑板,323472,0
28767705,轻电科技,323347,103
288711073,吃货小伟V,323226,22
96423810,修车工阿正,323109,112
495134012,在下邦德老师,323079,5
385183602,小榮君,322937,70
496085430,无趣的二姐,322739,4
32754699,KPL王者荣耀职业联赛,322636,66
202653692,玩大的博物馆,322546,253
8408994,蛋蛋解说,322254,48
9877016,BaoziHana,322224,65
40852672,Ruby幼熙,321669,15
194144039,第10放映室栏目,321486,0
471038440,Dorothy多萝西官方账号,321387,0
14266048,语梨,321249,225
8185976,SkyWang666,321052,90
4683149,尾狐Cc,320969,90
203230674,Psych2go中文站,320932,91
587887250,糖豆人终极淘汰赛,320895,103
1960460,带枪小女孩weibo,320816,31
6468717,夜刀神吉吉,320730,231
57741276,黎澈,320436,11
351085345,普普通通Tony大叔,319960,160
576089507,巨星不易工作室,319684,1
3186399,月影Yancie,319560,233
488749103,王者荣耀吕德华,319558,8
28146907,潘白雪s,319477,29
392981831,玉平赶海,319130,2
400874343,塔塔TT__,318762,2
298289539,小浩美食记,318643,32
20055735,又穷又懒的卷卷,318637,80
15953291,萨摩定春,318410,176
120187282,哔哩哔哩动态,318151,414
404725,Neuuuuu,318037,5
26032219,FoFTG,317788,286
390898500,一目十影,317760,26
497638046,BY2girl,317412,2
1887401,一头的秀发,317334,188
37839963,主播碉堡了,317322,17
8192168,叶落莫言,317172,55
16409654,渔声声儿,317029,49
3218476,我是扁桃,317019,27
25195727,CSGO-QUQU,316928,54
720964,你的可樱已上线,316869,197
1999455,秀气男孩,316736,19
1785155,田乱宇,316732,83
8797300,紫银风,316714,111
6345879,七月听雪眠,316698,1
388805297,Nature自然科研,316652,0
37946619,正人君子大白鸽,316639,74
895617,CME6大神犬,316306,62
580207,AliveGameStudio,316139,261
285478186,錦鯉大人_,315876,24
14626386,任评测,315830,43
2304046,女流66,315678,5
16395179,李好帅的黄金屋,315651,248
2853209,发光的呆毛君,315572,114
152499087,莲龙青Kudos,315122,0
309435,鸽海成路,315034,296
296171,章鱼君jakun,314771,101
23378372,仓大王,314534,87
1619097,柞木不朽,314520,257
8566496,D2KMON_柠檬,314258,155
20312066,中二的枫哲酱,314161,90
277454080,林末范,314118,20
3797626,WineQ圈9,314001,34
259288038,Withmeiying,313780,9
17329409,坚果小哥哥,313648,202
487631711,青木美沙子-official-,313557,7
275577584,沉默的風,313465,37
30129827,艾辰。,313190,8
7481602,安州牧,312963,64
96957569,御魔君,312859,86
4888022,人力字幕zu,312856,2
397804033,Vv北森深鹿-,312713,1
376722135,同学请坐吧,312695,18
467942,鹅卵石惊险又刺激,312673,10
458154784,方老师来啦,312503,66
2017611,利利那TD25,312172,276
429744755,阴阳师妖怪屋,312162,4
433248184,一起暴击口语,311845,32
389858027,百鬼绫目Official,311780,43
101037051,卓影丶,311681,60
5626845,朴冉,311647,12
408940191,一支小暗暗,311616,34
27501395,炉石萌萌哒的狗贼,311532,27
144923982,美国土豪BBQ,311315,1
18075990,时之歌Project,311178,16
286054977,派大心是你的安眠药,311103,352
115126480,UnboxTherapy,310881,3
680447,马里奥红叔,310875,44
245869,尚在天国EX,310836,161
24455781,暂时没想好名字233,310750,1
37935496,SCP王大锤-作死王,310736,40
365268892,琪小煮,310690,7
67618650,NCT中文首站,310642,4
50366363,熙狗Game,310558,23
28673629,SSD小波,310536,346
386141093,阿壮锅,310224,2
10285240,一观者也,310194,272
626947750,李沁,310123,1
30160,長門有C,310075,124
13390535,-鱼九九-,309888,55
19970843,AG超玩会王者荣耀莲,309859,38
202346397,小短腿Duby,309653,115
18163235,我是刘梦娜,309217,108
492835573,R1SE-张颜齐,309146,3
436747171,KBT篮球训练营,308990,2
386364189,真我心理BeMyself,308920,521
37408712,趣评测,308905,91
392744,accelostorder,308880,8
1418442,亲爱的毛光光,308752,11
16725605,虾米的泪,308408,16
60400874,巅峰计划,308264,41
112924325,爱黏人的圆子哔___,308096,123
6635814,甄妮可可,307935,36
631186842,瑞秋英语Rachel,307377,4
475199534,朝阳冬泳怪鹅,307084,507
92466307,浩然Yz,307080,25
1440295,一个凡老师,306947,402
28962573,七二十七,306183,59
400230277,杨晓洋的水果世界,306096,3
8865542,被母上吃掉了的up主,306090,98
26541399,lz鹿子,306006,68
37029661,小鹿Lawrence,305832,98
335567719,秋叶-PPT,305799,9
441146730,uu怪呀,305766,55
1864366,黑哲君,305498,57
91236407,jyhachi,305454,35
20247643,拉环儿_,305019,296
2019490,三个糙汉一个软妹组,304976,49
27979368,红酒的化学反应,304878,163
25636858,碧落九重剑,304843,164
316782705,陆鹫贰黑,304809,59
10032675,毕竟王稳健,304703,129
8893909,刘哥模玩,304636,33
2009929,咝小喵MAO,304632,230
294666436,戴夫健身,304286,13
123484,guanyuhan426,304093,57
4564056,龙崎棒棒糖,303873,56
432421961,爆笑两姐妹,303835,10
11644473,第二颗纽扣给樱酱QvQ,303783,1999
32782335,嗑糖少女000,303512,92
8045823,之同学SR,303378,454
21096618,Jian-阿健,303367,170
33735147,Sukiyaki安东,303310,43
367413928,听wo姐说,303244,333
27500557,梦轩dada,303088,140
94508565,牛事,303045,12
316327109,丸子うの,302854,90
432083444,俩大叔的功夫梦,302849,28
442363632,我才是Letme严君泽,302810,11
108692541,禁止中小学生吸烟-,302806,0
5907649,千葉型DJ,302751,140
13308108,勇者湾湾,302743,43
26104684,逗比寒MillerRHan,302634,445
96081167,吾爱财经,302615,9
87588741,大白泷,302564,69
14546601,Muc虚空之翼,302113,309
2490227,SilenceOB,301930,270
34456580,药儿哟,301297,57
383893879,三个老爸实验室,301291,161
9265186,一颗萝卜CarrotLee,301122,151
7508296,疯猴pme,300957,630
2913152,陈年起司,300866,80
97329145,中国鬼怪排行榜,300828,1
97395295,一只胖头鱼o,300783,180
481774557,DannyData小丹尼,300174,324
10380815,有超超,300040,169
19556909,armytea,300015,12
24395399,jamiez0416,299993,124
315966694,文都考研-online,299940,3
3151252,隐紫大人不会吐槽,299940,272
21594166,囚牛牛,299891,110
230533837,主播默心,299726,26
11646984,贝塔珐,299529,31
289091381,可爱的Anna姐,299397,19
108818568,一个路过的打工仔,299394,232
19477098,爱知趣教育,299167,2
315164740,Test_1ix411P7qd,299119,42
201691516,宫崎狗沫,298970,181
13889378,晚红小拓,298939,174
4989822,芦苇草的梦想,298913,100
8497684,苏克杯,298776,133
35754316,拜托啦学妹,298649,7
4454981,我丶好期待,298646,202
177707419,拼多多,298509,87
289095357,冷清小,298396,43
909376,猪侨,298375,86
5836069,脏小豆,298080,80
2301165,天翼羽魂,298058,47
32426640,下蛋公鸡中的战斗鸭,297917,81
33913124,北半球骚客,297905,12
429392011,天天鉴宝,297738,10
22550271,LangF丶狼枫子,297414,52
96793524,倒霉侠刘背实,297345,14
10773628,永远的我的鸟笼Me,297313,151
8689128,肥皂不宅,297252,195
8452244,草莓阿三,297217,308
3816626,Linksphotograph,297206,190
402361670,豆豆_Babe,297180,65
865267,真·凤舞九天,296996,174
75491220,好好吃短视频,296980,9
2276820,FoodForFun,296911,248
36522167,PS学堂,296739,6
325314188,地下城与勇士手游,296719,33
155545814,马老师是马也Sama,296604,17
935052,SLXZ,296450,12
2976992,Alessa0,296261,16
10492799,夷陵王祖贤,296043,60
9018813,零之启,296001,64
331782289,搞笑课代表,295987,250
8756320,拳师小七,295965,25
323024456,雨琪在芬兰,295926,8
444339642,辣个董叔,295869,11
44524,螺螺螺螺螺螺螺,295517,36
9030440,修一j,295460,286
404188073,我是哈士奇大G,295397,7
76843373,吃光吧金子,295196,23
44412187,信息素的信息,295050,49
47699114,天真的小马,294808,260
9854404,嘉炜本人,294718,270
296842815,李永乐考研团队,294632,4
383768376,ROG玩家国度,294581,216
72844725,二狗学长好,294573,564
483132647,LOL瓶子,294413,92
408672114,噬元兽影视,294371,35
35897775,稽才岩石,294278,93
213826349,不会剪辑的果子君,294152,102
2469460,惰落珈百璃,293951,154
107138178,飞碟GO2,293819,28
20848957,风竹教主解说,293791,120
404873827,命运神界手游官方,293783,2
20484551,凹凸君说,293581,124
24958132,方块学园BlockSchool,293496,8
14939580,鱼男,293272,147
157778482,BenPhillipsvip,293168,13
452767301,游厨冯马迁,293163,21
2047074,卑鄙的南瓜骨头,293076,295
395229975,尿尿是只猫真身,292992,9
33146722,魔方OwO,292979,1625
177291194,DECO27_Official,292759,3
14659392,老公BV,292643,48
29658682,瘟山邪神,292613,210
18655314,四石马,292602,248
479277242,诉老爷,292565,9
517491339,好奇星人知识酱,292457,97
3680303,是西瓜酱啊,292374,40
492562045,Healing_Times,292272,6
12511722,大脸怪哪里跑,292198,46
6314588,极地手记,292131,88
2072832,锅盖哒,292059,82
357465976,一一仙某某一一,292008,4
282849687,野原白之助3,291774,233
299901442,我是空菜,291493,6
14232358,李老师Leo,291469,38
6330633,小胡仙儿,291367,49
24055770,补番目录,291317,223
16973851,铁盒里的我,291242,485
10121861,-阿良良木翼,291131,35
1950746,白花恋诗·彩,291077,77
473177849,老疯杨救助中心,290987,28
442229,不搞博士Dcy,290893,176
7760828,喜仔的世界,290735,79
65553886,SavageTurely,290695,7
31071444,千叶结锤,290503,119
2673037,赵方婧就是照妖镜,290456,118
400511102,拉小登Excel,290238,93
19255217,Jackson0920,290217,59
274323778,大忽悠录屏组,289853,1
95503301,中国传媒大学,289833,862
274729325,233历史研究所,289795,19
86566982,二麦科技,289751,226
33588706,猪猪侠神之手,289732,245
29367693,水木清扬游戏解说,289721,0
65654171,逗斗车正版,289667,23
318223,Reiji-白龙,289615,194
352577,淳色,289597,0
6799052,泡芙酱DAZE,289174,64
92193094,阿成漫漫看,289080,4
4565899,学习使我快乐到无与伦比,289046,171
3125954,松羊夫人,289040,77
23822191,橙果医生,288992,0
259832218,卡卡会发光guang,288923,4
26709183,人民医学,288922,8
38454540,奥一二,288798,37
2386794,青厌君,288768,96
4242174,炒蛋车间长,288392,215
130130236,枫泽雨畔,288254,38
20542767,張小她,288243,395
37254033,看懂村,288156,87
28440054,难言x游戏解說,288133,19
641217,第七翼刀,288003,189
719346,whitebuster,287846,51
388560897,司马好奇,287831,76
14781725,飙黑车的司机,287829,72
300671491,人人电影网,287626,19
35253681,空腹KongFood,287624,11
15052693,张尔达,287556,175
61086273,Q-LIMES,287282,17
14016058,Aloha小语种交流中心,287050,0
1968595,鹦鹉梨,286893,46
3593539,VS字幕组,286859,0
57676402,超音速君,286685,532
111927934,建筑姬Ling,286671,107
14554185,国民老岳父公,286595,6
393045389,蔡成的菜,286568,88
7869429,慕容羽川,286515,188
265224956,輝夜月Official,286469,64
2342793,是王小白呀,286454,84
53246559,懒鱼才会胖,286451,28
148834382,bili_148834382,286159,29
8065474,Saladbob,286136,225
193147738,幻海航行,285953,0
474415592,AG超玩会官方账号,285788,13
22157527,元素领主墨元素,285764,599
331479456,-橘子公主,285741,61
6125496,分镜天地,285527,17
85898420,尤里CUTEYURI,285509,295
325737642,余霜Candice,285469,12
9535164,一加手机,285313,54
487435226,闲人王昱珩,285017,4
268810504,安徽共青团,284977,115
7391373,渗透之C君直播录屏组,284915,2
3117396,驱鼠者DC,284708,57
268819811,大熊观影,284693,29
23921392,深夜小鱼干儿,284688,26
388725307,两米一的小学真,284569,10
43582057,键客行,284462,21
31208553,斌斌看起来很好吃,284002,3
1110510,小狼TOWER,283919,145
439004370,yizhilugou,283913,13
5689866,我不是腿毛酱,283873,33
14803862,全都是猫,283810,151
368004045,Yellow-Dude,283759,6
31654362,阿豪的阁楼,283617,191
483787858,环球网,283298,19
500367550,世界卫生组织,282991,1
204010957,丛林之家,282955,41
395844576,玩啥游戏官方,282943,10
6528910,小贝的游戏食堂,282651,65
30074205,宁采臣丶在唱歌,282650,25
298000844,艾嘉Cecile,282528,110
12119403,小唯萌主-,282438,194
351739137,林海音Haiyin,282255,152
79380924,高佑思不是皮克,282193,17
2100679,还有醒着的么,282109,536
10783631,魔法小分队队长,282055,64
37177491,八云兔不秃,281999,162
477328553,战魂铭人,281866,35
343084292,电影频道融媒体中心,281830,8
373135003,JulioJanpierre,281643,11
5532624,Ya咸咸,281559,216
20751018,阿渣大王,281521,55
285407581,中国沙雕协会官方,281457,367
253131299,瑞克和莫蒂集,281352,86
13899470,喜娃桑,281297,197
7281977,你的渡口,281257,274
21637986,潇潇指弹guitar,281169,10
492606909,韩国时尚一哥朴鸣,281057,4
6639802,陈哥1,280924,27
12162021,九玖酱哟,280825,70
311541208,夜雨学堂爱相声,280799,68
620666,纳豆nado,280499,8
246508,诸星,280483,350
178736501,光环摄影美学,280379,46
36416972,张恩恩NNN,280331,189
105902820,-影子a,280307,64
108712617,火研社tao大师,280304,1
326251291,元子弹吉他,280194,12
82483195,暴雪游戏频道,280050,45
223595544,荷兰老司机Rein,280030,1
21648772,晓丹小仙女儿,280028,145
250681504,GMH十三,280020,104
3342143,六伊益达,279624,141
598628761,李佳航MVP,279476,2
31683757,Doffy大魔王,279434,376
91454396,千沧MONSTER,279000,343
38125899,小神爱吃肉,278886,92
147071622,一笔落尘,278785,3
51806456,鬼刃解说,278755,73
343348,口袋迷ag,278550,49
332351380,_gloriagao,278466,22
3392488,YY-满汉全席,278444,4
86639274,四川话小菠萝,278269,12
104993302,MoMeak小麦,278110,60
528476,Umika,277975,1
17551239,一粒七_,277624,32
10500463,BK短纪录片,277553,187
2255740,你的苏暖,277299,173
2827946,鋃月,277267,124
4345670,8K8K,277090,130
64656077,fare的可爱汪,276991,777
361433786,满满Cyim,276926,0
21918187,抹什么茶ysss,276772,103
15840422,目目目目目子,276743,144
39042756,_长江以南,276225,102
352765855,超人小技巧,276207,112
161394913,小小鹿老师,276106,28
7594110,烽火湛蓝,276033,183
409996897,翦瞳秋,276008,1
474857200,小爪几来了,275967,1
76542346,动力节点,275796,43
17125638,凰家评测,275779,28
380427124,哦王小明-,275775,3
104326409,不会剪辑的影凝君,275588,0
518843065,萨顶顶,275573,1
429711841,综艺哔哔姬,275550,34
15817819,星尘Official,275223,17
11443550,Mr丶Yuan,275174,111
27374685,麻烦摩摩叩,275078,49
283778989,都市丽人菜,274935,257
104352019,服霸吞吞,274835,4
172392717,QINsENT,274184,2
344693660,一只不像老师的小怀怀,274027,773
34675656,宫口老师,273916,12
18225328,马达加斯加腌鱼,273709,100
298170259,料理老中医,273675,11
286700005,hololive,273572,50
96575424,BB姬Studio,273458,197
32037172,Crewkicks,273311,35
389407124,我的世界木鱼,273015,6
340952549,王者巅峰赛,272994,150
345548816,爆裂魔女,272557,3
7903836,坏雪的乐高仓库,272415,24
10445249,朝阳冬泳怪鸽鸽,272335,21
4573722,见海思天,272309,93
43618809,一只梁不了,272108,65
1403138,莉莎娜,271945,10
2228859,花卷好吃,271668,640
11153765,3号直播间,271511,1
424009813,钟逸伦要继续努力,271509,20
3851837,推文扫文少年野,271391,39
20927,木JJ,271329,28
39990344,优设基础训练营,271306,21
209708163,哔计划,271221,71
346116489,real摩托叔叔,271102,5
22728867,兔玩网,271081,42
68327143,颠点儿_,271080,114
14771787,meission,271064,415
43142987,修鸽儿解说,271058,96
270317383,-猫大人-,270907,21
37780021,四川柯基菌,270830,39
194046502,青年艺术家王凯啊,270659,131
26982531,17_Xtreme,270530,18
471491351,法国厨师卢克,270422,6
124574179,武汉汉咖,270268,7
421178217,月亮猹-,270250,306
35016280,电影派Mr,270048,8
77885214,学弟帮帮我,269781,2
443305053,兔田佩克拉Official,269692,53
12048009,不是Av的Ay君,269509,254
251598698,神秘学调查员,269478,0
89239755,物理大师,269411,7
10160261,凌晨大黑狗,269393,515
18216699,牧场机神,269314,66
9127782,兰普兰,269201,8
201293,七七见奈波丶,269169,59
2851020,_糖小V_,269149,315
270683463,迷你阿侬Anon,269090,154
208130286,大物是也,268823,32
138886269,占卜师Kido,268778,6
4870926,鬼才才才,268615,102
355408793,最美家常菜,268570,15
2443068,视角妹,268553,241
37840358,白胖过来,268533,39
26408970,超级白SuperWhite,268518,69
76512988,最想念の季节,268429,309
8731060,富贵的沙雕日记,268204,110
35722489,九霄星河,268146,71
7789717,大触来啦,268071,74
298683153,猫和老鼠官方手游,267935,31
3664568,格式-哦耶哦耶哦耶,267925,96
26728635,AstorLiu,267826,17
36231663,杏仁眼_Miu,267773,103
8894149,麦咾源Bingo,267679,152
11437290,福哥想当个网黄,267537,128
307977689,小花同人社,267529,34
8479929,超级小海鸥,267516,53
7275647,碧天蓝钻,267324,19
406868,言力华,267307,223
125235959,深夜海鲜食堂,267028,180
285227589,小奶尼-,267005,63
2612610,凶残的红叶,266993,307
4931952,奶粉の日常,266990,59
291686612,熊猫妹子在东京哟,266872,96
69743276,我是于干,266803,153
201246939,szmbody,266773,21
28270637,D-J-C,266711,6
23172676,荟小荟,266605,124
174619542,远鉴字幕组,266343,13
384971677,Banzz奔驰小哥,266281,4
301570,沙包_Chilli,265948,161
396708168,剑与远征,265932,60
39679,Ｌ,265802,23
97335574,哎呀酋长本尊,265664,62
7824219,恰恰是我a,265598,139
32360194,当下频道,265578,137
93818959,浪客九歌,265351,23
6475365,泥鳅Niko,265333,134
153073165,蒲儿姓蒲,265177,55
668006664,乐乐自信一点,265081,49
9309952,朵声oO,264927,44
338951087,忍者必须死3,264789,11
330443044,训练吧,264758,1
274412048,粤男有话儿,264659,48
9982481,右小死,264550,1
14019556,Philiko,264422,409
179694948,永困王,264308,180
355390214,翻拍小分队,264185,10
29153009,EK鲁比,264071,38
8985360,安饺辣,263949,156
26293669,好吃的橘子鸭,263909,96
482937140,蟑螂恶霸-G,263841,121
306455387,黑鲨游戏手机,263730,202
446381861,seeker大师兄,263702,5
6160263,食蝉,263614,45
393314780,鄂东老男孩,263509,9
191129954,珂seeker,263497,140
11133002,阿姆西_MC,263111,110
320488860,译制组长小哈板,263045,1
37162890,三口解说,262986,113
16282662,程裙子,262953,39
105503155,宅友社,262902,26
433215523,R1SE_official,262654,0
403928672,本间向日葵Official,262622,34
443278110,馋小漆,262468,10
1324413,牛牛蝎羯,262403,17
19056798,养猫画画的随随,262342,75
442603088,三维地图看世界,262338,72
9824454,翼之声中文配音社团YZS,262172,23
261048642,永远的7日之都,262164,8
18203032,是橘长呀,262101,200
25911961,龙大人不喷火,262100,284
393246605,CoachFui,262058,5
31766424,麦绿素dustdream,261970,73
17428557,唐苏仁,261816,0
560909197,罗杰斯一家,261797,2
95934386,-桑桑-,261789,89
11342605,EhBeeFamily,261564,7
92413258,BlackNorton,261093,35
7435683,葉月Mashiro灬,260933,217
32507603,孙子团BTSZD,260910,40
207184325,KittyKlaw_助眠,260882,5
87153569,风纪委员33娘,260840,191
17353466,蓝铅笔老湿基绘画学堂,260647,88
440695902,闪电姐姐的龙猫阿呆,260514,3
35560408,便宜菌,260396,78
400313065,017_凌十七,260024,194
5465995,肥宅雪橇,259980,1080
370342489,ChanneLLean,259945,101
12415755,小智Tommy,259787,112
9135756,柏凝,259777,44
22179720,咩2016,259763,196
35671198,杰斯特拉Jstr,259391,245
8287497,Z000000E,259198,123
162265056,整天摸鱼的三日坊主,259151,20
591410235,娄艺潇,259096,1
570820,刘能影视制片厂,258868,185
48033476,二手车知识大讲堂,258862,80
82045831,你吉叔,258801,189
445310488,会星座的兔子,258316,96
454751024,开心马小玲,258220,15
234324480,主播圈内事,258112,22
22989278,果冻萌萌的,258057,92
382559434,就是甜筒,258017,104
5229137,真是奇怪le,257843,0
386423796,英国蝴蝶奶奶日记,257650,3
1521519,奔尼字幕组,257600,106
390761647,xindyxinyii,257372,118
917629,路旁的叶修,257364,0
20264732,盘点委员,257297,301
66850605,Miwivon,257265,47
392055878,TIS_TrinityUnion,257232,113
31225950,不是柯桑德,257203,66
296909317,田中姬铃木雏Official,257125,20
220204920,发发爱健身,257079,128
366671569,游泳的猪头,256947,133
125086406,MSI微星显卡官方账号,256860,182
30443731,是你的霹雳,256781,181
103753399,猪猪老师教数学,256527,39
18503938,迷迭香美食,256483,9
14026855,葵葵葵77,256414,93
486664896,小梦李孟羲,256383,34
29737834,太阳猫美食TV,256291,83
511582360,今天也想吐槽,256119,87
485945015,骆王宇,256058,3
4176573,Akie秋绘,255767,523
207413896,四阿哥li,255737,42
391943536,思乡渔夫,255670,3
2026487,ElalMOX,255658,49
301705402,人形觉醒官方,255510,2
22703510,名叫李了了,255307,108
403063737,知识炸了,255250,40
1872628,枫言w,255166,266
129074797,狮团ACG,254737,51
321750907,贾尼玛大魔王,254609,130
9318640,盐鱼料理长,254540,132
200491680,Rika_花花,254428,58
108742135,二哥日记本,254326,0
2654466,猫幼cattyo,254204,265
286212934,橙子游戏解说,254105,64
393673591,康复于老师,254092,61
298317405,我是马小坏,253863,14
18082384,苏雨珊同学,253653,90
7283282,梦觉教游泳,253479,295
540649,真好尸,253453,21
25592782,Wink眨宝momo,253440,120
401544129,科洛莫瑞兹ChloeMoretz,253354,10
68573526,远近渔和兔仔宝宝,252764,3
17054540,小丙摩托车评中心,252694,133
27479646,残狼之卑,252580,5
6700597,大盒打盒,252573,464
15161351,越with霓虹鸡,252485,994
26796243,萝卜报告,252290,58
415996611,日新大课堂,252275,6
35547746,吞拿鱼饭团,252273,49
95205743,嘿丝科技,252101,6
19424585,岚山学堂欧文老师,252020,4
7813900,梦境之缘丶,251610,61
305214791,无尽の零,251353,50
325745,永远赤红的幼月,251148,356
15269822,蜡烛君瑞泽,251143,116
33594828,半支烟sama,251019,2
11482657,东倾电影,250729,33
1850091,Jannchie见齐,250688,308
9294886,Shortlegs皇繙,250653,279
40746510,花少北家养录屏组,250485,1
11423668,邱瑞闹海,250418,69
7497311,米米Mxmimi,250347,42
16819263,探奇录,250234,63
6055289,高槻律official,250211,25
1462399,新干线C,250175,119
15404697,足太姬,250026,1
596859,卡敏与阿超,249948,220
87283745,顺子Chloe,249905,119
14341074,加薪食社,249739,155
809048,克利咕咕兰,249603,31
514687139,松重丰,249425,1
762048,东京不够热字幕组,249267,7
910774,木下结草,248985,409
28712292,胡狼工作室,248783,3
307431,ChristinaWW,248734,92
350001797,皮蜀黍呀,248640,131
10334523,史蒂芬周大反派,248626,99
5326066,账号已注销,248530,2
1542136,三笠・阿克曼,248384,357
16355895,凡仔_IAA,248350,86
4211655,VZOO,248346,151
141124639,一人之下手游官方,248196,53
284215104,崔姜米,248175,0
104469547,nuriama,248146,141
399136082,青斑-,248119,324
239303691,波比是二哈,248036,19
443300418,润羽露西娅Official,247988,43
390478245,青柠cool,247986,331
507505343,小林未郁miccabose,247930,8
268999208,BLG电子竞技俱乐部,247854,189
8755425,大失眠时代,247829,4
549222,小熊纯一郎,247816,35
29485140,神奇的育碧球啊,247532,182
240346507,怪盗魔王MagicOne,247431,19
27308366,阿虚-Kurv,247281,205
16693558,VirgooTeam,247053,16
84830087,骑士网官方频道,246985,49
30623097,Scor奥熙,246984,95
291798230,皮尔鸿,246700,197
10915924,次郎JIRO,246576,26
76344979,红鹤笔记,246493,3
356422930,动文综,246470,48
891124,零九零九,246390,136
10705745,爱吃Alice的糖醋里脊,246341,88
28929301,吃喝实验室,246217,61
93565907,姨太的吃瓜大会,246072,2
814133,四迹,245951,672
474097955,桃桃的女巫厨房,245924,45
1847661,满楼N,245590,106
266615979,避雷针小鬼丶,245545,5
95220561,coo1B酷的一逼,245385,391
10747029,Sidoimujeng,244968,9
4470075,SeeC茜茜才不困,244679,18
6265344,非油炸叉叉风味,244667,84
108411997,土地公张福德,244663,10
449598943,苏静恒,244280,12
123372,純白,244112,389
442426299,琴吹夢_official,244000,10
626432845,青空之刃,243817,8
18662637,のPaulMikkelsen,243785,100
2063605,机智的碎月,243780,186
43636152,七朵_女团,243670,9
402717258,千万不要玩,243562,3
383038901,锦堂生活空间,243373,18
60745979,嫣然喜悦,243134,59
33437181,一吻大帅哥,242792,130
46669041,清风大诗兄,242663,17
3372913,浑生蓝受,242633,84
311864840,潘大帅在减肥,242562,26
16450,神威鬼鸣,242542,1398
4625158,仟水君,241995,98
318002589,万国土特产,241950,7
14049754,不是富婆树,241703,202
284803835,Ohh_Cara,241649,121
21401670,缸缸在干嘛,241541,208
205631797,果壳,241527,35
5676753,请亲切的称呼我为撸SIR,241456,72
34908946,两条随波逐流的鱼,241207,93
326804984,火腿叔叔Ham,240913,46
472721474,自由周某,240913,22
217809,透明小Y,240808,16
227738840,skyhahalife,240483,10
35853609,爬行天下,240475,88
324341,喵放送,240433,792
28259096,有机星期一,240387,0
35591280,Switch喵呱子,240057,79
16968953,张艺兴B站投喂总支部,239906,13
20889178,洛圣都交通LST,239749,135
592761,可樂C,239619,39
96185247,RRRRUAAAA,239490,61
20303408,朱一龙天涯粉丝团,239397,2
88422753,出发吧阿伦,239360,0
508936,齐格降临,239324,76
40382740,魔力美食,239315,0
19059412,两个人一条狗,239191,29
50402764,MOMEI_肖战视频收集站,239168,0
98550311,小黑Juicy,238990,101
4801245,春去丶残秋,238922,137
382364924,铁锅炖兄弟,238689,34
454334802,是雪雪吖-,238667,18
131482108,种地少女,238600,228
10559530,小本解说,238126,4
46044801,花甜小公举,238028,65
384021838,汤圆说世界,237940,31
297189227,MUSICAT-,237886,128
410596389,发型枫,237868,9
244159959,游戏随心说,237810,47
30110952,GINAHELLO,237668,3
137696851,大飙哥带路,237599,4
184422943,邻家韩国姐姐朱丽,237489,7
32708462,不动的ACG大图书馆,237306,18
482917999,naenano,237102,10
73360940,勺子八分熟,237033,126
17809717,邦邦灰小兔,236992,5
12949542,太二蜀黍Black,236984,69
16360599,废宅少女日常,236893,96
2478652,Sakura·杏乾兒,236855,174
497027228,逍遥自在白辰皓,236712,20
551046577,芭蕾王子Julian,236608,0
29308711,RyuuuTV,236503,20
22009424,conandiy,236305,10
6927351,橙某,236217,53
42932619,班里的主子,236213,24
394205865,吃土数码汪,235830,314
312001,东京塔子-,235823,21
383530606,火山社,235775,145
140588718,刀姐doris,235770,111
34800353,37777777777,235681,99
477009,半导铁匠,235653,1
4356062,大姑,235517,238
252028114,戴博士实验室,235312,14
33696,lolo今天玩什么,235170,306
2020598,镜Lea,235083,224
299662590,一只奶糖鸭,235063,61
113791,迷路的牙刷,234937,734
4534176,荣耀剧组,234881,8
2416135,Red袖袖,234604,232
325406,一直喵OneStraightCat,234591,165
53566696,阿么么么哒er,234315,198
256157,小帅喵,234093,32
20827413,花岐千岁,233925,119
383671544,异灵术老师,233913,24
5725190,死亡人鱼,233819,233
386579215,愚愚桑,233775,100
95295911,班花湖里雅,233623,47
246640269,大坑书记,233482,1
7974144,草匠匠匠匠,233424,115
1556033,低俗小说,233396,0
394724303,BLGADD,233177,2
19444164,绒漠漠不扎针,232856,207
300634025,滔搏电子竞技俱乐部,232652,17
826317,野草凌云,232645,29
23793390,帝玖管弦乐团,232425,111
665156,得闲饮茶吗,232391,216
384522533,杭州闪电队,232376,63
14264313,潘子Jane,232044,109
29191734,浅唱君Jacky,231964,210
286179206,时乃空Official,231664,111
17874492,X-H小豪,231517,43
20563366,旺仔大哥哥,231380,223
5836119,BTS字幕组,231378,1
517412083,凹末灶客omozoc,231325,0
66185855,北纬的星空,231238,88
626152793,宁静NJRAINER,231164,0
437448316,Kyo酱肉丝,231052,26
68125029,-樰婴-,230906,40
2723662,剪刀手轩辕,230900,128
8596630,o啊飘o,230845,148
24065037,太史令小黄鸡,230592,210
22309487,夏厨陈二十,230495,15
24390564,二笔歌手_瓜牛,230407,265
9034870,星街彗星Official,230055,47
7490007,嗒喵帝,230031,176
3908684,SonyCorporation,229853,288
71203142,舞林一分钟,229700,18
94194549,韩叔TV,229589,3
50329485,哔哩哔哩绝地求生赛事,229530,18
33284802,Nino学长努力唱歌,229478,145
210497820,前进的lydia,229267,97
175456549,黄博士爱健康,229259,11
349901617,林堅定_,229250,54
2703253,德井鱼,228920,87
272139745,LDS李大神,228370,115
367405011,魔音电台,228307,22
97007164,散人今天直播了,228253,1
12239790,一只山羊咩咩咩,228216,197
18545034,栗阿阿阿,227996,147
11246021,瓜瓜不会呱,227570,72
35281133,王三光同学,227280,0
144900177,哔哩哔哩专栏,227124,74
34853276,YouTube恐怖视,227119,2000
548729259,月薪两万的金子酱,226850,64
286280032,Claire_is_here,226826,6
247158031,YOKIKI_OFFICIAL,226771,3
373039846,永恒跳动的火焰,226771,4
382727474,猫脱酒馆营业中,226309,16
5493822,Sunday动漫馆,226105,36
1768861,蓝星在少年,225367,169
37863315,老弱病残字幕组_OFFICIAL,225296,0
35012692,阅文漫镜头,225291,4
53579195,bili_53579195,225145,6
41092052,爱笑的苏呆子,225113,505
359797,小麒吃肉啦,224300,118
393275275,家庭教师-云小逗,224239,8
9140181,有点累的D啊,223917,0
508709785,温义飞今天插旗了吗,223878,41
343112069,软妹杏子,223839,33
28828559,觅糖菌,223730,1
178069965,中二兔九哥,223620,139
456606920,小学生Vita君,223246,119
19888246,莫尼monika,221991,42
55451526,好大一个小晗仙,221229,113
69205685,浅笑安然呐,220980,32
405981431,白雪深白Official,220894,82
15227416,没错我就是惠惠,220389,113
4365978,一支橘猫,219146,113
385346792,偷偷抱住,218948,3
27692819,切粒粒,218606,56
282341006,别再讨好虚伪吖,218370,6
43647805,影视怪蜀黍,216345,7
382534165,山药村二牛,215803,23
33424578,Putao688,214807,10
29163767,账号已注销57423,214305,0
3976910,斑豆的搬,211443,746
389862071,大神澪Official,209512,41
412135619,戌神沁音Official,201274,55
491474048,天音彼方Official,198196,44
389858754,癒月巧可Official,190570,64
389857640,紫咲诗音Official,186381,57
366690056,樱巫女Official,184551,50
491474050,角卷绵芽Official,182883,50
454733056,白银诺艾尔Official,168668,53
412135222,猫又小粥Official,167924,48
454955503,宝钟玛琳Official,158416,46
